[0.107s] DEBUG:colcon:Command line arguments: ['/usr/bin/colcon', 'build', '--packages-select', 'ros2_shared', 'tello_description', 'tello_driver', 'tello_msgs', '--event-handlers', 'console_direct+', '--symlink-install']
[0.107s] DEBUG:colcon:Parsed command line arguments: Namespace(log_base=None, log_level=None, verb_name='build', build_base='build', install_base='install', merge_install=False, symlink_install=True, test_result_base=None, continue_on_error=False, executor='parallel', parallel_workers=12, event_handlers=['console_direct+'], ignore_user_meta=False, metas=['./colcon.meta'], base_paths=['.'], packages_ignore=None, packages_ignore_regex=None, paths=None, packages_up_to=None, packages_up_to_regex=None, packages_above=None, packages_above_and_dependencies=None, packages_above_depth=None, packages_select_by_dep=None, packages_skip_by_dep=None, packages_skip_up_to=None, packages_select_build_failed=False, packages_skip_build_finished=False, packages_select_test_failures=False, packages_skip_test_passed=False, packages_select=['ros2_shared', 'tello_description', 'tello_driver', 'tello_msgs'], packages_skip=None, packages_select_regex=None, packages_skip_regex=None, packages_start=None, packages_end=None, allow_overriding=[], cmake_args=None, cmake_target=None, cmake_target_skip_unavailable=False, cmake_clean_cache=False, cmake_clean_first=False, cmake_force_configure=False, ament_cmake_args=None, catkin_cmake_args=None, catkin_skip_building_tests=False, mixin_files=None, mixin=None, verb_parser=<colcon_mixin.mixin.mixin_argument.MixinArgumentDecorator object at 0x7d93111f2ba0>, verb_extension=<colcon_core.verb.build.BuildVerb object at 0x7d9310777d70>, main=<bound method BuildVerb.main of <colcon_core.verb.build.BuildVerb object at 0x7d9310777d70>>, mixin_verb=('build',))
[0.142s] Level 1:colcon.colcon_core.package_discovery:discover_packages(colcon_meta) check parameters
[0.142s] Level 1:colcon.colcon_core.package_discovery:discover_packages(recursive) check parameters
[0.142s] Level 1:colcon.colcon_core.package_discovery:discover_packages(ignore) check parameters
[0.142s] Level 1:colcon.colcon_core.package_discovery:discover_packages(path) check parameters
[0.142s] Level 1:colcon.colcon_core.package_discovery:discover_packages(colcon_meta) discover
[0.142s] Level 1:colcon.colcon_core.package_discovery:discover_packages(recursive) discover
[0.142s] INFO:colcon.colcon_core.package_discovery:Crawling recursively for packages in '/media/nguyen-tuan-minh/DATA/ros2_ws'
[0.142s] Level 1:colcon.colcon_core.package_identification:_identify(.) by extensions ['ignore', 'ignore_ament_install']
[0.143s] Level 1:colcon.colcon_core.package_identification:_identify(.) by extension 'ignore'
[0.143s] Level 1:colcon.colcon_core.package_identification:_identify(.) by extension 'ignore_ament_install'
[0.143s] Level 1:colcon.colcon_core.package_identification:_identify(.) by extensions ['colcon_pkg']
[0.143s] Level 1:colcon.colcon_core.package_identification:_identify(.) by extension 'colcon_pkg'
[0.143s] Level 1:colcon.colcon_core.package_identification:_identify(.) by extensions ['colcon_meta']
[0.143s] Level 1:colcon.colcon_core.package_identification:_identify(.) by extension 'colcon_meta'
[0.143s] Level 1:colcon.colcon_core.package_identification:_identify(.) by extensions ['ros']
[0.143s] Level 1:colcon.colcon_core.package_identification:_identify(.) by extension 'ros'
[0.167s] Level 1:colcon.colcon_core.package_identification:_identify(.) by extensions ['cmake', 'python']
[0.167s] Level 1:colcon.colcon_core.package_identification:_identify(.) by extension 'cmake'
[0.167s] Level 1:colcon.colcon_core.package_identification:_identify(.) by extension 'python'
[0.167s] Level 1:colcon.colcon_core.package_identification:_identify(.) by extensions ['python_setup_py']
[0.167s] Level 1:colcon.colcon_core.package_identification:_identify(.) by extension 'python_setup_py'
[0.167s] Level 1:colcon.colcon_core.package_identification:_identify(build) by extensions ['ignore', 'ignore_ament_install']
[0.167s] Level 1:colcon.colcon_core.package_identification:_identify(build) by extension 'ignore'
[0.167s] Level 1:colcon.colcon_core.package_identification:_identify(build) ignored
[0.167s] Level 1:colcon.colcon_core.package_identification:_identify(install) by extensions ['ignore', 'ignore_ament_install']
[0.167s] Level 1:colcon.colcon_core.package_identification:_identify(install) by extension 'ignore'
[0.167s] Level 1:colcon.colcon_core.package_identification:_identify(install) ignored
[0.168s] Level 1:colcon.colcon_core.package_identification:_identify(log) by extensions ['ignore', 'ignore_ament_install']
[0.168s] Level 1:colcon.colcon_core.package_identification:_identify(log) by extension 'ignore'
[0.168s] Level 1:colcon.colcon_core.package_identification:_identify(log) ignored
[0.168s] Level 1:colcon.colcon_core.package_identification:_identify(src) by extensions ['ignore', 'ignore_ament_install']
[0.168s] Level 1:colcon.colcon_core.package_identification:_identify(src) by extension 'ignore'
[0.168s] Level 1:colcon.colcon_core.package_identification:_identify(src) by extension 'ignore_ament_install'
[0.168s] Level 1:colcon.colcon_core.package_identification:_identify(src) by extensions ['colcon_pkg']
[0.168s] Level 1:colcon.colcon_core.package_identification:_identify(src) by extension 'colcon_pkg'
[0.168s] Level 1:colcon.colcon_core.package_identification:_identify(src) by extensions ['colcon_meta']
[0.168s] Level 1:colcon.colcon_core.package_identification:_identify(src) by extension 'colcon_meta'
[0.168s] Level 1:colcon.colcon_core.package_identification:_identify(src) by extensions ['ros']
[0.168s] Level 1:colcon.colcon_core.package_identification:_identify(src) by extension 'ros'
[0.168s] Level 1:colcon.colcon_core.package_identification:_identify(src) by extensions ['cmake', 'python']
[0.168s] Level 1:colcon.colcon_core.package_identification:_identify(src) by extension 'cmake'
[0.168s] Level 1:colcon.colcon_core.package_identification:_identify(src) by extension 'python'
[0.168s] Level 1:colcon.colcon_core.package_identification:_identify(src) by extensions ['python_setup_py']
[0.168s] Level 1:colcon.colcon_core.package_identification:_identify(src) by extension 'python_setup_py'
[0.168s] Level 1:colcon.colcon_core.package_identification:_identify(src/ROS2_ORB-SLAM3_Odometry) by extensions ['ignore', 'ignore_ament_install']
[0.168s] Level 1:colcon.colcon_core.package_identification:_identify(src/ROS2_ORB-SLAM3_Odometry) by extension 'ignore'
[0.168s] Level 1:colcon.colcon_core.package_identification:_identify(src/ROS2_ORB-SLAM3_Odometry) by extension 'ignore_ament_install'
[0.168s] Level 1:colcon.colcon_core.package_identification:_identify(src/ROS2_ORB-SLAM3_Odometry) by extensions ['colcon_pkg']
[0.169s] Level 1:colcon.colcon_core.package_identification:_identify(src/ROS2_ORB-SLAM3_Odometry) by extension 'colcon_pkg'
[0.169s] Level 1:colcon.colcon_core.package_identification:_identify(src/ROS2_ORB-SLAM3_Odometry) by extensions ['colcon_meta']
[0.169s] Level 1:colcon.colcon_core.package_identification:_identify(src/ROS2_ORB-SLAM3_Odometry) by extension 'colcon_meta'
[0.169s] Level 1:colcon.colcon_core.package_identification:_identify(src/ROS2_ORB-SLAM3_Odometry) by extensions ['ros']
[0.169s] Level 1:colcon.colcon_core.package_identification:_identify(src/ROS2_ORB-SLAM3_Odometry) by extension 'ros'
[0.169s] Level 1:colcon.colcon_core.package_identification:_identify(src/ROS2_ORB-SLAM3_Odometry) by extensions ['cmake', 'python']
[0.169s] Level 1:colcon.colcon_core.package_identification:_identify(src/ROS2_ORB-SLAM3_Odometry) by extension 'cmake'
[0.169s] Level 1:colcon.colcon_core.package_identification:_identify(src/ROS2_ORB-SLAM3_Odometry) by extension 'python'
[0.169s] Level 1:colcon.colcon_core.package_identification:_identify(src/ROS2_ORB-SLAM3_Odometry) by extensions ['python_setup_py']
[0.169s] Level 1:colcon.colcon_core.package_identification:_identify(src/ROS2_ORB-SLAM3_Odometry) by extension 'python_setup_py'
[0.169s] Level 1:colcon.colcon_core.package_identification:_identify(src/ROS2_ORB-SLAM3_Odometry/image_transport_tutorials) by extensions ['ignore', 'ignore_ament_install']
[0.169s] Level 1:colcon.colcon_core.package_identification:_identify(src/ROS2_ORB-SLAM3_Odometry/image_transport_tutorials) by extension 'ignore'
[0.169s] Level 1:colcon.colcon_core.package_identification:_identify(src/ROS2_ORB-SLAM3_Odometry/image_transport_tutorials) by extension 'ignore_ament_install'
[0.169s] Level 1:colcon.colcon_core.package_identification:_identify(src/ROS2_ORB-SLAM3_Odometry/image_transport_tutorials) by extensions ['colcon_pkg']
[0.169s] Level 1:colcon.colcon_core.package_identification:_identify(src/ROS2_ORB-SLAM3_Odometry/image_transport_tutorials) by extension 'colcon_pkg'
[0.169s] Level 1:colcon.colcon_core.package_identification:_identify(src/ROS2_ORB-SLAM3_Odometry/image_transport_tutorials) by extensions ['colcon_meta']
[0.169s] Level 1:colcon.colcon_core.package_identification:_identify(src/ROS2_ORB-SLAM3_Odometry/image_transport_tutorials) by extension 'colcon_meta'
[0.169s] Level 1:colcon.colcon_core.package_identification:_identify(src/ROS2_ORB-SLAM3_Odometry/image_transport_tutorials) by extensions ['ros']
[0.169s] Level 1:colcon.colcon_core.package_identification:_identify(src/ROS2_ORB-SLAM3_Odometry/image_transport_tutorials) by extension 'ros'
[0.171s] DEBUG:colcon.colcon_core.package_identification:Package 'src/ROS2_ORB-SLAM3_Odometry/image_transport_tutorials' with type 'ros.ament_cmake' and name 'image_transport_tutorials'
[0.171s] Level 1:colcon.colcon_core.package_identification:_identify(src/ROS2_ORB-SLAM3_Odometry/orbslam3_ros2) by extensions ['ignore', 'ignore_ament_install']
[0.171s] Level 1:colcon.colcon_core.package_identification:_identify(src/ROS2_ORB-SLAM3_Odometry/orbslam3_ros2) by extension 'ignore'
[0.171s] Level 1:colcon.colcon_core.package_identification:_identify(src/ROS2_ORB-SLAM3_Odometry/orbslam3_ros2) by extension 'ignore_ament_install'
[0.172s] Level 1:colcon.colcon_core.package_identification:_identify(src/ROS2_ORB-SLAM3_Odometry/orbslam3_ros2) by extensions ['colcon_pkg']
[0.172s] Level 1:colcon.colcon_core.package_identification:_identify(src/ROS2_ORB-SLAM3_Odometry/orbslam3_ros2) by extension 'colcon_pkg'
[0.172s] Level 1:colcon.colcon_core.package_identification:_identify(src/ROS2_ORB-SLAM3_Odometry/orbslam3_ros2) by extensions ['colcon_meta']
[0.172s] Level 1:colcon.colcon_core.package_identification:_identify(src/ROS2_ORB-SLAM3_Odometry/orbslam3_ros2) by extension 'colcon_meta'
[0.172s] Level 1:colcon.colcon_core.package_identification:_identify(src/ROS2_ORB-SLAM3_Odometry/orbslam3_ros2) by extensions ['ros']
[0.172s] Level 1:colcon.colcon_core.package_identification:_identify(src/ROS2_ORB-SLAM3_Odometry/orbslam3_ros2) by extension 'ros'
[0.172s] DEBUG:colcon.colcon_core.package_identification:Package 'src/ROS2_ORB-SLAM3_Odometry/orbslam3_ros2' with type 'ros.ament_cmake' and name 'orbslam3'
[0.172s] Level 1:colcon.colcon_core.package_identification:_identify(src/ROS2_ORB-SLAM3_Odometry/package_launch) by extensions ['ignore', 'ignore_ament_install']
[0.172s] Level 1:colcon.colcon_core.package_identification:_identify(src/ROS2_ORB-SLAM3_Odometry/package_launch) by extension 'ignore'
[0.173s] Level 1:colcon.colcon_core.package_identification:_identify(src/ROS2_ORB-SLAM3_Odometry/package_launch) by extension 'ignore_ament_install'
[0.173s] Level 1:colcon.colcon_core.package_identification:_identify(src/ROS2_ORB-SLAM3_Odometry/package_launch) by extensions ['colcon_pkg']
[0.173s] Level 1:colcon.colcon_core.package_identification:_identify(src/ROS2_ORB-SLAM3_Odometry/package_launch) by extension 'colcon_pkg'
[0.173s] Level 1:colcon.colcon_core.package_identification:_identify(src/ROS2_ORB-SLAM3_Odometry/package_launch) by extensions ['colcon_meta']
[0.173s] Level 1:colcon.colcon_core.package_identification:_identify(src/ROS2_ORB-SLAM3_Odometry/package_launch) by extension 'colcon_meta'
[0.173s] Level 1:colcon.colcon_core.package_identification:_identify(src/ROS2_ORB-SLAM3_Odometry/package_launch) by extensions ['ros']
[0.173s] Level 1:colcon.colcon_core.package_identification:_identify(src/ROS2_ORB-SLAM3_Odometry/package_launch) by extension 'ros'
[0.173s] DEBUG:colcon.colcon_core.package_identification:Package 'src/ROS2_ORB-SLAM3_Odometry/package_launch' with type 'ros.ament_python' and name 'package_launch'
[0.173s] Level 1:colcon.colcon_core.package_identification:_identify(src/examples) by extensions ['ignore', 'ignore_ament_install']
[0.173s] Level 1:colcon.colcon_core.package_identification:_identify(src/examples) by extension 'ignore'
[0.173s] Level 1:colcon.colcon_core.package_identification:_identify(src/examples) by extension 'ignore_ament_install'
[0.173s] Level 1:colcon.colcon_core.package_identification:_identify(src/examples) by extensions ['colcon_pkg']
[0.173s] Level 1:colcon.colcon_core.package_identification:_identify(src/examples) by extension 'colcon_pkg'
[0.173s] Level 1:colcon.colcon_core.package_identification:_identify(src/examples) by extensions ['colcon_meta']
[0.173s] Level 1:colcon.colcon_core.package_identification:_identify(src/examples) by extension 'colcon_meta'
[0.174s] Level 1:colcon.colcon_core.package_identification:_identify(src/examples) by extensions ['ros']
[0.174s] Level 1:colcon.colcon_core.package_identification:_identify(src/examples) by extension 'ros'
[0.174s] Level 1:colcon.colcon_core.package_identification:_identify(src/examples) by extensions ['cmake', 'python']
[0.174s] Level 1:colcon.colcon_core.package_identification:_identify(src/examples) by extension 'cmake'
[0.174s] Level 1:colcon.colcon_core.package_identification:_identify(src/examples) by extension 'python'
[0.174s] Level 1:colcon.colcon_core.package_identification:_identify(src/examples) by extensions ['python_setup_py']
[0.174s] Level 1:colcon.colcon_core.package_identification:_identify(src/examples) by extension 'python_setup_py'
[0.174s] Level 1:colcon.colcon_core.package_identification:_identify(src/examples/launch_testing) by extensions ['ignore', 'ignore_ament_install']
[0.174s] Level 1:colcon.colcon_core.package_identification:_identify(src/examples/launch_testing) by extension 'ignore'
[0.174s] Level 1:colcon.colcon_core.package_identification:_identify(src/examples/launch_testing) by extension 'ignore_ament_install'
[0.174s] Level 1:colcon.colcon_core.package_identification:_identify(src/examples/launch_testing) by extensions ['colcon_pkg']
[0.174s] Level 1:colcon.colcon_core.package_identification:_identify(src/examples/launch_testing) by extension 'colcon_pkg'
[0.174s] Level 1:colcon.colcon_core.package_identification:_identify(src/examples/launch_testing) by extensions ['colcon_meta']
[0.174s] Level 1:colcon.colcon_core.package_identification:_identify(src/examples/launch_testing) by extension 'colcon_meta'
[0.174s] Level 1:colcon.colcon_core.package_identification:_identify(src/examples/launch_testing) by extensions ['ros']
[0.174s] Level 1:colcon.colcon_core.package_identification:_identify(src/examples/launch_testing) by extension 'ros'
[0.174s] Level 1:colcon.colcon_core.package_identification:_identify(src/examples/launch_testing) by extensions ['cmake', 'python']
[0.174s] Level 1:colcon.colcon_core.package_identification:_identify(src/examples/launch_testing) by extension 'cmake'
[0.174s] Level 1:colcon.colcon_core.package_identification:_identify(src/examples/launch_testing) by extension 'python'
[0.174s] Level 1:colcon.colcon_core.package_identification:_identify(src/examples/launch_testing) by extensions ['python_setup_py']
[0.174s] Level 1:colcon.colcon_core.package_identification:_identify(src/examples/launch_testing) by extension 'python_setup_py'
[0.174s] Level 1:colcon.colcon_core.package_identification:_identify(src/examples/launch_testing/launch_testing_examples) by extensions ['ignore', 'ignore_ament_install']
[0.175s] Level 1:colcon.colcon_core.package_identification:_identify(src/examples/launch_testing/launch_testing_examples) by extension 'ignore'
[0.175s] Level 1:colcon.colcon_core.package_identification:_identify(src/examples/launch_testing/launch_testing_examples) by extension 'ignore_ament_install'
[0.175s] Level 1:colcon.colcon_core.package_identification:_identify(src/examples/launch_testing/launch_testing_examples) by extensions ['colcon_pkg']
[0.175s] Level 1:colcon.colcon_core.package_identification:_identify(src/examples/launch_testing/launch_testing_examples) by extension 'colcon_pkg'
[0.175s] Level 1:colcon.colcon_core.package_identification:_identify(src/examples/launch_testing/launch_testing_examples) by extensions ['colcon_meta']
[0.175s] Level 1:colcon.colcon_core.package_identification:_identify(src/examples/launch_testing/launch_testing_examples) by extension 'colcon_meta'
[0.175s] Level 1:colcon.colcon_core.package_identification:_identify(src/examples/launch_testing/launch_testing_examples) by extensions ['ros']
[0.175s] Level 1:colcon.colcon_core.package_identification:_identify(src/examples/launch_testing/launch_testing_examples) by extension 'ros'
[0.175s] DEBUG:colcon.colcon_core.package_identification:Package 'src/examples/launch_testing/launch_testing_examples' with type 'ros.ament_python' and name 'launch_testing_examples'
[0.175s] Level 1:colcon.colcon_core.package_identification:_identify(src/examples/rclcpp) by extensions ['ignore', 'ignore_ament_install']
[0.175s] Level 1:colcon.colcon_core.package_identification:_identify(src/examples/rclcpp) by extension 'ignore'
[0.176s] Level 1:colcon.colcon_core.package_identification:_identify(src/examples/rclcpp) by extension 'ignore_ament_install'
[0.176s] Level 1:colcon.colcon_core.package_identification:_identify(src/examples/rclcpp) by extensions ['colcon_pkg']
[0.176s] Level 1:colcon.colcon_core.package_identification:_identify(src/examples/rclcpp) by extension 'colcon_pkg'
[0.176s] Level 1:colcon.colcon_core.package_identification:_identify(src/examples/rclcpp) by extensions ['colcon_meta']
[0.176s] Level 1:colcon.colcon_core.package_identification:_identify(src/examples/rclcpp) by extension 'colcon_meta'
[0.176s] Level 1:colcon.colcon_core.package_identification:_identify(src/examples/rclcpp) by extensions ['ros']
[0.176s] Level 1:colcon.colcon_core.package_identification:_identify(src/examples/rclcpp) by extension 'ros'
[0.176s] Level 1:colcon.colcon_core.package_identification:_identify(src/examples/rclcpp) by extensions ['cmake', 'python']
[0.176s] Level 1:colcon.colcon_core.package_identification:_identify(src/examples/rclcpp) by extension 'cmake'
[0.176s] Level 1:colcon.colcon_core.package_identification:_identify(src/examples/rclcpp) by extension 'python'
[0.176s] Level 1:colcon.colcon_core.package_identification:_identify(src/examples/rclcpp) by extensions ['python_setup_py']
[0.176s] Level 1:colcon.colcon_core.package_identification:_identify(src/examples/rclcpp) by extension 'python_setup_py'
[0.176s] Level 1:colcon.colcon_core.package_identification:_identify(src/examples/rclcpp/actions) by extensions ['ignore', 'ignore_ament_install']
[0.176s] Level 1:colcon.colcon_core.package_identification:_identify(src/examples/rclcpp/actions) by extension 'ignore'
[0.176s] Level 1:colcon.colcon_core.package_identification:_identify(src/examples/rclcpp/actions) by extension 'ignore_ament_install'
[0.176s] Level 1:colcon.colcon_core.package_identification:_identify(src/examples/rclcpp/actions) by extensions ['colcon_pkg']
[0.176s] Level 1:colcon.colcon_core.package_identification:_identify(src/examples/rclcpp/actions) by extension 'colcon_pkg'
[0.176s] Level 1:colcon.colcon_core.package_identification:_identify(src/examples/rclcpp/actions) by extensions ['colcon_meta']
[0.176s] Level 1:colcon.colcon_core.package_identification:_identify(src/examples/rclcpp/actions) by extension 'colcon_meta'
[0.176s] Level 1:colcon.colcon_core.package_identification:_identify(src/examples/rclcpp/actions) by extensions ['ros']
[0.176s] Level 1:colcon.colcon_core.package_identification:_identify(src/examples/rclcpp/actions) by extension 'ros'
[0.176s] Level 1:colcon.colcon_core.package_identification:_identify(src/examples/rclcpp/actions) by extensions ['cmake', 'python']
[0.176s] Level 1:colcon.colcon_core.package_identification:_identify(src/examples/rclcpp/actions) by extension 'cmake'
[0.177s] Level 1:colcon.colcon_core.package_identification:_identify(src/examples/rclcpp/actions) by extension 'python'
[0.177s] Level 1:colcon.colcon_core.package_identification:_identify(src/examples/rclcpp/actions) by extensions ['python_setup_py']
[0.177s] Level 1:colcon.colcon_core.package_identification:_identify(src/examples/rclcpp/actions) by extension 'python_setup_py'
[0.177s] Level 1:colcon.colcon_core.package_identification:_identify(src/examples/rclcpp/actions/minimal_action_client) by extensions ['ignore', 'ignore_ament_install']
[0.177s] Level 1:colcon.colcon_core.package_identification:_identify(src/examples/rclcpp/actions/minimal_action_client) by extension 'ignore'
[0.177s] Level 1:colcon.colcon_core.package_identification:_identify(src/examples/rclcpp/actions/minimal_action_client) by extension 'ignore_ament_install'
[0.177s] Level 1:colcon.colcon_core.package_identification:_identify(src/examples/rclcpp/actions/minimal_action_client) by extensions ['colcon_pkg']
[0.177s] Level 1:colcon.colcon_core.package_identification:_identify(src/examples/rclcpp/actions/minimal_action_client) by extension 'colcon_pkg'
[0.177s] Level 1:colcon.colcon_core.package_identification:_identify(src/examples/rclcpp/actions/minimal_action_client) by extensions ['colcon_meta']
[0.177s] Level 1:colcon.colcon_core.package_identification:_identify(src/examples/rclcpp/actions/minimal_action_client) by extension 'colcon_meta'
[0.177s] Level 1:colcon.colcon_core.package_identification:_identify(src/examples/rclcpp/actions/minimal_action_client) by extensions ['ros']
[0.177s] Level 1:colcon.colcon_core.package_identification:_identify(src/examples/rclcpp/actions/minimal_action_client) by extension 'ros'
[0.178s] DEBUG:colcon.colcon_core.package_identification:Package 'src/examples/rclcpp/actions/minimal_action_client' with type 'ros.ament_cmake' and name 'examples_rclcpp_minimal_action_client'
[0.178s] Level 1:colcon.colcon_core.package_identification:_identify(src/examples/rclcpp/actions/minimal_action_server) by extensions ['ignore', 'ignore_ament_install']
[0.178s] Level 1:colcon.colcon_core.package_identification:_identify(src/examples/rclcpp/actions/minimal_action_server) by extension 'ignore'
[0.178s] Level 1:colcon.colcon_core.package_identification:_identify(src/examples/rclcpp/actions/minimal_action_server) by extension 'ignore_ament_install'
[0.178s] Level 1:colcon.colcon_core.package_identification:_identify(src/examples/rclcpp/actions/minimal_action_server) by extensions ['colcon_pkg']
[0.178s] Level 1:colcon.colcon_core.package_identification:_identify(src/examples/rclcpp/actions/minimal_action_server) by extension 'colcon_pkg'
[0.178s] Level 1:colcon.colcon_core.package_identification:_identify(src/examples/rclcpp/actions/minimal_action_server) by extensions ['colcon_meta']
[0.178s] Level 1:colcon.colcon_core.package_identification:_identify(src/examples/rclcpp/actions/minimal_action_server) by extension 'colcon_meta'
[0.178s] Level 1:colcon.colcon_core.package_identification:_identify(src/examples/rclcpp/actions/minimal_action_server) by extensions ['ros']
[0.178s] Level 1:colcon.colcon_core.package_identification:_identify(src/examples/rclcpp/actions/minimal_action_server) by extension 'ros'
[0.178s] DEBUG:colcon.colcon_core.package_identification:Package 'src/examples/rclcpp/actions/minimal_action_server' with type 'ros.ament_cmake' and name 'examples_rclcpp_minimal_action_server'
[0.179s] Level 1:colcon.colcon_core.package_identification:_identify(src/examples/rclcpp/composition) by extensions ['ignore', 'ignore_ament_install']
[0.179s] Level 1:colcon.colcon_core.package_identification:_identify(src/examples/rclcpp/composition) by extension 'ignore'
[0.179s] Level 1:colcon.colcon_core.package_identification:_identify(src/examples/rclcpp/composition) by extension 'ignore_ament_install'
[0.179s] Level 1:colcon.colcon_core.package_identification:_identify(src/examples/rclcpp/composition) by extensions ['colcon_pkg']
[0.179s] Level 1:colcon.colcon_core.package_identification:_identify(src/examples/rclcpp/composition) by extension 'colcon_pkg'
[0.179s] Level 1:colcon.colcon_core.package_identification:_identify(src/examples/rclcpp/composition) by extensions ['colcon_meta']
[0.179s] Level 1:colcon.colcon_core.package_identification:_identify(src/examples/rclcpp/composition) by extension 'colcon_meta'
[0.179s] Level 1:colcon.colcon_core.package_identification:_identify(src/examples/rclcpp/composition) by extensions ['ros']
[0.179s] Level 1:colcon.colcon_core.package_identification:_identify(src/examples/rclcpp/composition) by extension 'ros'
[0.179s] Level 1:colcon.colcon_core.package_identification:_identify(src/examples/rclcpp/composition) by extensions ['cmake', 'python']
[0.179s] Level 1:colcon.colcon_core.package_identification:_identify(src/examples/rclcpp/composition) by extension 'cmake'
[0.179s] Level 1:colcon.colcon_core.package_identification:_identify(src/examples/rclcpp/composition) by extension 'python'
[0.179s] Level 1:colcon.colcon_core.package_identification:_identify(src/examples/rclcpp/composition) by extensions ['python_setup_py']
[0.179s] Level 1:colcon.colcon_core.package_identification:_identify(src/examples/rclcpp/composition) by extension 'python_setup_py'
[0.179s] Level 1:colcon.colcon_core.package_identification:_identify(src/examples/rclcpp/composition/minimal_composition) by extensions ['ignore', 'ignore_ament_install']
[0.179s] Level 1:colcon.colcon_core.package_identification:_identify(src/examples/rclcpp/composition/minimal_composition) by extension 'ignore'
[0.179s] Level 1:colcon.colcon_core.package_identification:_identify(src/examples/rclcpp/composition/minimal_composition) by extension 'ignore_ament_install'
[0.179s] Level 1:colcon.colcon_core.package_identification:_identify(src/examples/rclcpp/composition/minimal_composition) by extensions ['colcon_pkg']
[0.179s] Level 1:colcon.colcon_core.package_identification:_identify(src/examples/rclcpp/composition/minimal_composition) by extension 'colcon_pkg'
[0.179s] Level 1:colcon.colcon_core.package_identification:_identify(src/examples/rclcpp/composition/minimal_composition) by extensions ['colcon_meta']
[0.179s] Level 1:colcon.colcon_core.package_identification:_identify(src/examples/rclcpp/composition/minimal_composition) by extension 'colcon_meta'
[0.180s] Level 1:colcon.colcon_core.package_identification:_identify(src/examples/rclcpp/composition/minimal_composition) by extensions ['ros']
[0.180s] Level 1:colcon.colcon_core.package_identification:_identify(src/examples/rclcpp/composition/minimal_composition) by extension 'ros'
[0.180s] DEBUG:colcon.colcon_core.package_identification:Package 'src/examples/rclcpp/composition/minimal_composition' with type 'ros.ament_cmake' and name 'examples_rclcpp_minimal_composition'
[0.180s] Level 1:colcon.colcon_core.package_identification:_identify(src/examples/rclcpp/executors) by extensions ['ignore', 'ignore_ament_install']
[0.180s] Level 1:colcon.colcon_core.package_identification:_identify(src/examples/rclcpp/executors) by extension 'ignore'
[0.180s] Level 1:colcon.colcon_core.package_identification:_identify(src/examples/rclcpp/executors) by extension 'ignore_ament_install'
[0.180s] Level 1:colcon.colcon_core.package_identification:_identify(src/examples/rclcpp/executors) by extensions ['colcon_pkg']
[0.180s] Level 1:colcon.colcon_core.package_identification:_identify(src/examples/rclcpp/executors) by extension 'colcon_pkg'
[0.180s] Level 1:colcon.colcon_core.package_identification:_identify(src/examples/rclcpp/executors) by extensions ['colcon_meta']
[0.180s] Level 1:colcon.colcon_core.package_identification:_identify(src/examples/rclcpp/executors) by extension 'colcon_meta'
[0.180s] Level 1:colcon.colcon_core.package_identification:_identify(src/examples/rclcpp/executors) by extensions ['ros']
[0.180s] Level 1:colcon.colcon_core.package_identification:_identify(src/examples/rclcpp/executors) by extension 'ros'
[0.181s] Level 1:colcon.colcon_core.package_identification:_identify(src/examples/rclcpp/executors) by extensions ['cmake', 'python']
[0.181s] Level 1:colcon.colcon_core.package_identification:_identify(src/examples/rclcpp/executors) by extension 'cmake'
[0.181s] Level 1:colcon.colcon_core.package_identification:_identify(src/examples/rclcpp/executors) by extension 'python'
[0.181s] Level 1:colcon.colcon_core.package_identification:_identify(src/examples/rclcpp/executors) by extensions ['python_setup_py']
[0.181s] Level 1:colcon.colcon_core.package_identification:_identify(src/examples/rclcpp/executors) by extension 'python_setup_py'
[0.181s] Level 1:colcon.colcon_core.package_identification:_identify(src/examples/rclcpp/executors/cbg_executor) by extensions ['ignore', 'ignore_ament_install']
[0.181s] Level 1:colcon.colcon_core.package_identification:_identify(src/examples/rclcpp/executors/cbg_executor) by extension 'ignore'
[0.181s] Level 1:colcon.colcon_core.package_identification:_identify(src/examples/rclcpp/executors/cbg_executor) by extension 'ignore_ament_install'
[0.181s] Level 1:colcon.colcon_core.package_identification:_identify(src/examples/rclcpp/executors/cbg_executor) by extensions ['colcon_pkg']
[0.181s] Level 1:colcon.colcon_core.package_identification:_identify(src/examples/rclcpp/executors/cbg_executor) by extension 'colcon_pkg'
[0.181s] Level 1:colcon.colcon_core.package_identification:_identify(src/examples/rclcpp/executors/cbg_executor) by extensions ['colcon_meta']
[0.181s] Level 1:colcon.colcon_core.package_identification:_identify(src/examples/rclcpp/executors/cbg_executor) by extension 'colcon_meta'
[0.181s] Level 1:colcon.colcon_core.package_identification:_identify(src/examples/rclcpp/executors/cbg_executor) by extensions ['ros']
[0.181s] Level 1:colcon.colcon_core.package_identification:_identify(src/examples/rclcpp/executors/cbg_executor) by extension 'ros'
[0.182s] DEBUG:colcon.colcon_core.package_identification:Package 'src/examples/rclcpp/executors/cbg_executor' with type 'ros.ament_cmake' and name 'examples_rclcpp_cbg_executor'
[0.182s] Level 1:colcon.colcon_core.package_identification:_identify(src/examples/rclcpp/executors/multithreaded_executor) by extensions ['ignore', 'ignore_ament_install']
[0.182s] Level 1:colcon.colcon_core.package_identification:_identify(src/examples/rclcpp/executors/multithreaded_executor) by extension 'ignore'
[0.182s] Level 1:colcon.colcon_core.package_identification:_identify(src/examples/rclcpp/executors/multithreaded_executor) by extension 'ignore_ament_install'
[0.182s] Level 1:colcon.colcon_core.package_identification:_identify(src/examples/rclcpp/executors/multithreaded_executor) by extensions ['colcon_pkg']
[0.182s] Level 1:colcon.colcon_core.package_identification:_identify(src/examples/rclcpp/executors/multithreaded_executor) by extension 'colcon_pkg'
[0.182s] Level 1:colcon.colcon_core.package_identification:_identify(src/examples/rclcpp/executors/multithreaded_executor) by extensions ['colcon_meta']
[0.182s] Level 1:colcon.colcon_core.package_identification:_identify(src/examples/rclcpp/executors/multithreaded_executor) by extension 'colcon_meta'
[0.182s] Level 1:colcon.colcon_core.package_identification:_identify(src/examples/rclcpp/executors/multithreaded_executor) by extensions ['ros']
[0.182s] Level 1:colcon.colcon_core.package_identification:_identify(src/examples/rclcpp/executors/multithreaded_executor) by extension 'ros'
[0.183s] DEBUG:colcon.colcon_core.package_identification:Package 'src/examples/rclcpp/executors/multithreaded_executor' with type 'ros.ament_cmake' and name 'examples_rclcpp_multithreaded_executor'
[0.183s] Level 1:colcon.colcon_core.package_identification:_identify(src/examples/rclcpp/services) by extensions ['ignore', 'ignore_ament_install']
[0.183s] Level 1:colcon.colcon_core.package_identification:_identify(src/examples/rclcpp/services) by extension 'ignore'
[0.183s] Level 1:colcon.colcon_core.package_identification:_identify(src/examples/rclcpp/services) by extension 'ignore_ament_install'
[0.183s] Level 1:colcon.colcon_core.package_identification:_identify(src/examples/rclcpp/services) by extensions ['colcon_pkg']
[0.183s] Level 1:colcon.colcon_core.package_identification:_identify(src/examples/rclcpp/services) by extension 'colcon_pkg'
[0.183s] Level 1:colcon.colcon_core.package_identification:_identify(src/examples/rclcpp/services) by extensions ['colcon_meta']
[0.183s] Level 1:colcon.colcon_core.package_identification:_identify(src/examples/rclcpp/services) by extension 'colcon_meta'
[0.183s] Level 1:colcon.colcon_core.package_identification:_identify(src/examples/rclcpp/services) by extensions ['ros']
[0.183s] Level 1:colcon.colcon_core.package_identification:_identify(src/examples/rclcpp/services) by extension 'ros'
[0.184s] Level 1:colcon.colcon_core.package_identification:_identify(src/examples/rclcpp/services) by extensions ['cmake', 'python']
[0.184s] Level 1:colcon.colcon_core.package_identification:_identify(src/examples/rclcpp/services) by extension 'cmake'
[0.184s] Level 1:colcon.colcon_core.package_identification:_identify(src/examples/rclcpp/services) by extension 'python'
[0.184s] Level 1:colcon.colcon_core.package_identification:_identify(src/examples/rclcpp/services) by extensions ['python_setup_py']
[0.184s] Level 1:colcon.colcon_core.package_identification:_identify(src/examples/rclcpp/services) by extension 'python_setup_py'
[0.184s] Level 1:colcon.colcon_core.package_identification:_identify(src/examples/rclcpp/services/async_client) by extensions ['ignore', 'ignore_ament_install']
[0.184s] Level 1:colcon.colcon_core.package_identification:_identify(src/examples/rclcpp/services/async_client) by extension 'ignore'
[0.184s] Level 1:colcon.colcon_core.package_identification:_identify(src/examples/rclcpp/services/async_client) by extension 'ignore_ament_install'
[0.184s] Level 1:colcon.colcon_core.package_identification:_identify(src/examples/rclcpp/services/async_client) by extensions ['colcon_pkg']
[0.184s] Level 1:colcon.colcon_core.package_identification:_identify(src/examples/rclcpp/services/async_client) by extension 'colcon_pkg'
[0.184s] Level 1:colcon.colcon_core.package_identification:_identify(src/examples/rclcpp/services/async_client) by extensions ['colcon_meta']
[0.184s] Level 1:colcon.colcon_core.package_identification:_identify(src/examples/rclcpp/services/async_client) by extension 'colcon_meta'
[0.184s] Level 1:colcon.colcon_core.package_identification:_identify(src/examples/rclcpp/services/async_client) by extensions ['ros']
[0.184s] Level 1:colcon.colcon_core.package_identification:_identify(src/examples/rclcpp/services/async_client) by extension 'ros'
[0.184s] DEBUG:colcon.colcon_core.package_identification:Package 'src/examples/rclcpp/services/async_client' with type 'ros.ament_cmake' and name 'examples_rclcpp_async_client'
[0.185s] Level 1:colcon.colcon_core.package_identification:_identify(src/examples/rclcpp/services/minimal_client) by extensions ['ignore', 'ignore_ament_install']
[0.185s] Level 1:colcon.colcon_core.package_identification:_identify(src/examples/rclcpp/services/minimal_client) by extension 'ignore'
[0.185s] Level 1:colcon.colcon_core.package_identification:_identify(src/examples/rclcpp/services/minimal_client) by extension 'ignore_ament_install'
[0.185s] Level 1:colcon.colcon_core.package_identification:_identify(src/examples/rclcpp/services/minimal_client) by extensions ['colcon_pkg']
[0.185s] Level 1:colcon.colcon_core.package_identification:_identify(src/examples/rclcpp/services/minimal_client) by extension 'colcon_pkg'
[0.185s] Level 1:colcon.colcon_core.package_identification:_identify(src/examples/rclcpp/services/minimal_client) by extensions ['colcon_meta']
[0.185s] Level 1:colcon.colcon_core.package_identification:_identify(src/examples/rclcpp/services/minimal_client) by extension 'colcon_meta'
[0.185s] Level 1:colcon.colcon_core.package_identification:_identify(src/examples/rclcpp/services/minimal_client) by extensions ['ros']
[0.185s] Level 1:colcon.colcon_core.package_identification:_identify(src/examples/rclcpp/services/minimal_client) by extension 'ros'
[0.185s] DEBUG:colcon.colcon_core.package_identification:Package 'src/examples/rclcpp/services/minimal_client' with type 'ros.ament_cmake' and name 'examples_rclcpp_minimal_client'
[0.185s] Level 1:colcon.colcon_core.package_identification:_identify(src/examples/rclcpp/services/minimal_service) by extensions ['ignore', 'ignore_ament_install']
[0.186s] Level 1:colcon.colcon_core.package_identification:_identify(src/examples/rclcpp/services/minimal_service) by extension 'ignore'
[0.186s] Level 1:colcon.colcon_core.package_identification:_identify(src/examples/rclcpp/services/minimal_service) by extension 'ignore_ament_install'
[0.186s] Level 1:colcon.colcon_core.package_identification:_identify(src/examples/rclcpp/services/minimal_service) by extensions ['colcon_pkg']
[0.186s] Level 1:colcon.colcon_core.package_identification:_identify(src/examples/rclcpp/services/minimal_service) by extension 'colcon_pkg'
[0.186s] Level 1:colcon.colcon_core.package_identification:_identify(src/examples/rclcpp/services/minimal_service) by extensions ['colcon_meta']
[0.186s] Level 1:colcon.colcon_core.package_identification:_identify(src/examples/rclcpp/services/minimal_service) by extension 'colcon_meta'
[0.186s] Level 1:colcon.colcon_core.package_identification:_identify(src/examples/rclcpp/services/minimal_service) by extensions ['ros']
[0.186s] Level 1:colcon.colcon_core.package_identification:_identify(src/examples/rclcpp/services/minimal_service) by extension 'ros'
[0.186s] DEBUG:colcon.colcon_core.package_identification:Package 'src/examples/rclcpp/services/minimal_service' with type 'ros.ament_cmake' and name 'examples_rclcpp_minimal_service'
[0.186s] Level 1:colcon.colcon_core.package_identification:_identify(src/examples/rclcpp/timers) by extensions ['ignore', 'ignore_ament_install']
[0.186s] Level 1:colcon.colcon_core.package_identification:_identify(src/examples/rclcpp/timers) by extension 'ignore'
[0.187s] Level 1:colcon.colcon_core.package_identification:_identify(src/examples/rclcpp/timers) by extension 'ignore_ament_install'
[0.187s] Level 1:colcon.colcon_core.package_identification:_identify(src/examples/rclcpp/timers) by extensions ['colcon_pkg']
[0.187s] Level 1:colcon.colcon_core.package_identification:_identify(src/examples/rclcpp/timers) by extension 'colcon_pkg'
[0.187s] Level 1:colcon.colcon_core.package_identification:_identify(src/examples/rclcpp/timers) by extensions ['colcon_meta']
[0.187s] Level 1:colcon.colcon_core.package_identification:_identify(src/examples/rclcpp/timers) by extension 'colcon_meta'
[0.187s] Level 1:colcon.colcon_core.package_identification:_identify(src/examples/rclcpp/timers) by extensions ['ros']
[0.187s] Level 1:colcon.colcon_core.package_identification:_identify(src/examples/rclcpp/timers) by extension 'ros'
[0.187s] Level 1:colcon.colcon_core.package_identification:_identify(src/examples/rclcpp/timers) by extensions ['cmake', 'python']
[0.187s] Level 1:colcon.colcon_core.package_identification:_identify(src/examples/rclcpp/timers) by extension 'cmake'
[0.187s] Level 1:colcon.colcon_core.package_identification:_identify(src/examples/rclcpp/timers) by extension 'python'
[0.187s] Level 1:colcon.colcon_core.package_identification:_identify(src/examples/rclcpp/timers) by extensions ['python_setup_py']
[0.187s] Level 1:colcon.colcon_core.package_identification:_identify(src/examples/rclcpp/timers) by extension 'python_setup_py'
[0.187s] Level 1:colcon.colcon_core.package_identification:_identify(src/examples/rclcpp/timers/minimal_timer) by extensions ['ignore', 'ignore_ament_install']
[0.187s] Level 1:colcon.colcon_core.package_identification:_identify(src/examples/rclcpp/timers/minimal_timer) by extension 'ignore'
[0.187s] Level 1:colcon.colcon_core.package_identification:_identify(src/examples/rclcpp/timers/minimal_timer) by extension 'ignore_ament_install'
[0.187s] Level 1:colcon.colcon_core.package_identification:_identify(src/examples/rclcpp/timers/minimal_timer) by extensions ['colcon_pkg']
[0.187s] Level 1:colcon.colcon_core.package_identification:_identify(src/examples/rclcpp/timers/minimal_timer) by extension 'colcon_pkg'
[0.187s] Level 1:colcon.colcon_core.package_identification:_identify(src/examples/rclcpp/timers/minimal_timer) by extensions ['colcon_meta']
[0.187s] Level 1:colcon.colcon_core.package_identification:_identify(src/examples/rclcpp/timers/minimal_timer) by extension 'colcon_meta'
[0.187s] Level 1:colcon.colcon_core.package_identification:_identify(src/examples/rclcpp/timers/minimal_timer) by extensions ['ros']
[0.187s] Level 1:colcon.colcon_core.package_identification:_identify(src/examples/rclcpp/timers/minimal_timer) by extension 'ros'
[0.188s] DEBUG:colcon.colcon_core.package_identification:Package 'src/examples/rclcpp/timers/minimal_timer' with type 'ros.ament_cmake' and name 'examples_rclcpp_minimal_timer'
[0.188s] Level 1:colcon.colcon_core.package_identification:_identify(src/examples/rclcpp/topics) by extensions ['ignore', 'ignore_ament_install']
[0.188s] Level 1:colcon.colcon_core.package_identification:_identify(src/examples/rclcpp/topics) by extension 'ignore'
[0.188s] Level 1:colcon.colcon_core.package_identification:_identify(src/examples/rclcpp/topics) by extension 'ignore_ament_install'
[0.188s] Level 1:colcon.colcon_core.package_identification:_identify(src/examples/rclcpp/topics) by extensions ['colcon_pkg']
[0.188s] Level 1:colcon.colcon_core.package_identification:_identify(src/examples/rclcpp/topics) by extension 'colcon_pkg'
[0.188s] Level 1:colcon.colcon_core.package_identification:_identify(src/examples/rclcpp/topics) by extensions ['colcon_meta']
[0.188s] Level 1:colcon.colcon_core.package_identification:_identify(src/examples/rclcpp/topics) by extension 'colcon_meta'
[0.188s] Level 1:colcon.colcon_core.package_identification:_identify(src/examples/rclcpp/topics) by extensions ['ros']
[0.188s] Level 1:colcon.colcon_core.package_identification:_identify(src/examples/rclcpp/topics) by extension 'ros'
[0.188s] Level 1:colcon.colcon_core.package_identification:_identify(src/examples/rclcpp/topics) by extensions ['cmake', 'python']
[0.188s] Level 1:colcon.colcon_core.package_identification:_identify(src/examples/rclcpp/topics) by extension 'cmake'
[0.189s] Level 1:colcon.colcon_core.package_identification:_identify(src/examples/rclcpp/topics) by extension 'python'
[0.189s] Level 1:colcon.colcon_core.package_identification:_identify(src/examples/rclcpp/topics) by extensions ['python_setup_py']
[0.189s] Level 1:colcon.colcon_core.package_identification:_identify(src/examples/rclcpp/topics) by extension 'python_setup_py'
[0.189s] Level 1:colcon.colcon_core.package_identification:_identify(src/examples/rclcpp/topics/minimal_publisher) by extensions ['ignore', 'ignore_ament_install']
[0.189s] Level 1:colcon.colcon_core.package_identification:_identify(src/examples/rclcpp/topics/minimal_publisher) by extension 'ignore'
[0.189s] Level 1:colcon.colcon_core.package_identification:_identify(src/examples/rclcpp/topics/minimal_publisher) by extension 'ignore_ament_install'
[0.189s] Level 1:colcon.colcon_core.package_identification:_identify(src/examples/rclcpp/topics/minimal_publisher) by extensions ['colcon_pkg']
[0.189s] Level 1:colcon.colcon_core.package_identification:_identify(src/examples/rclcpp/topics/minimal_publisher) by extension 'colcon_pkg'
[0.189s] Level 1:colcon.colcon_core.package_identification:_identify(src/examples/rclcpp/topics/minimal_publisher) by extensions ['colcon_meta']
[0.189s] Level 1:colcon.colcon_core.package_identification:_identify(src/examples/rclcpp/topics/minimal_publisher) by extension 'colcon_meta'
[0.189s] Level 1:colcon.colcon_core.package_identification:_identify(src/examples/rclcpp/topics/minimal_publisher) by extensions ['ros']
[0.189s] Level 1:colcon.colcon_core.package_identification:_identify(src/examples/rclcpp/topics/minimal_publisher) by extension 'ros'
[0.190s] DEBUG:colcon.colcon_core.package_identification:Package 'src/examples/rclcpp/topics/minimal_publisher' with type 'ros.ament_cmake' and name 'examples_rclcpp_minimal_publisher'
[0.190s] Level 1:colcon.colcon_core.package_identification:_identify(src/examples/rclcpp/topics/minimal_subscriber) by extensions ['ignore', 'ignore_ament_install']
[0.190s] Level 1:colcon.colcon_core.package_identification:_identify(src/examples/rclcpp/topics/minimal_subscriber) by extension 'ignore'
[0.190s] Level 1:colcon.colcon_core.package_identification:_identify(src/examples/rclcpp/topics/minimal_subscriber) by extension 'ignore_ament_install'
[0.190s] Level 1:colcon.colcon_core.package_identification:_identify(src/examples/rclcpp/topics/minimal_subscriber) by extensions ['colcon_pkg']
[0.190s] Level 1:colcon.colcon_core.package_identification:_identify(src/examples/rclcpp/topics/minimal_subscriber) by extension 'colcon_pkg'
[0.190s] Level 1:colcon.colcon_core.package_identification:_identify(src/examples/rclcpp/topics/minimal_subscriber) by extensions ['colcon_meta']
[0.190s] Level 1:colcon.colcon_core.package_identification:_identify(src/examples/rclcpp/topics/minimal_subscriber) by extension 'colcon_meta'
[0.190s] Level 1:colcon.colcon_core.package_identification:_identify(src/examples/rclcpp/topics/minimal_subscriber) by extensions ['ros']
[0.190s] Level 1:colcon.colcon_core.package_identification:_identify(src/examples/rclcpp/topics/minimal_subscriber) by extension 'ros'
[0.191s] DEBUG:colcon.colcon_core.package_identification:Package 'src/examples/rclcpp/topics/minimal_subscriber' with type 'ros.ament_cmake' and name 'examples_rclcpp_minimal_subscriber'
[0.191s] Level 1:colcon.colcon_core.package_identification:_identify(src/examples/rclcpp/wait_set) by extensions ['ignore', 'ignore_ament_install']
[0.191s] Level 1:colcon.colcon_core.package_identification:_identify(src/examples/rclcpp/wait_set) by extension 'ignore'
[0.191s] Level 1:colcon.colcon_core.package_identification:_identify(src/examples/rclcpp/wait_set) by extension 'ignore_ament_install'
[0.191s] Level 1:colcon.colcon_core.package_identification:_identify(src/examples/rclcpp/wait_set) by extensions ['colcon_pkg']
[0.191s] Level 1:colcon.colcon_core.package_identification:_identify(src/examples/rclcpp/wait_set) by extension 'colcon_pkg'
[0.191s] Level 1:colcon.colcon_core.package_identification:_identify(src/examples/rclcpp/wait_set) by extensions ['colcon_meta']
[0.191s] Level 1:colcon.colcon_core.package_identification:_identify(src/examples/rclcpp/wait_set) by extension 'colcon_meta'
[0.191s] Level 1:colcon.colcon_core.package_identification:_identify(src/examples/rclcpp/wait_set) by extensions ['ros']
[0.191s] Level 1:colcon.colcon_core.package_identification:_identify(src/examples/rclcpp/wait_set) by extension 'ros'
[0.192s] DEBUG:colcon.colcon_core.package_identification:Package 'src/examples/rclcpp/wait_set' with type 'ros.ament_cmake' and name 'examples_rclcpp_wait_set'
[0.192s] Level 1:colcon.colcon_core.package_identification:_identify(src/examples/rclpy) by extensions ['ignore', 'ignore_ament_install']
[0.192s] Level 1:colcon.colcon_core.package_identification:_identify(src/examples/rclpy) by extension 'ignore'
[0.192s] Level 1:colcon.colcon_core.package_identification:_identify(src/examples/rclpy) by extension 'ignore_ament_install'
[0.192s] Level 1:colcon.colcon_core.package_identification:_identify(src/examples/rclpy) by extensions ['colcon_pkg']
[0.192s] Level 1:colcon.colcon_core.package_identification:_identify(src/examples/rclpy) by extension 'colcon_pkg'
[0.192s] Level 1:colcon.colcon_core.package_identification:_identify(src/examples/rclpy) by extensions ['colcon_meta']
[0.192s] Level 1:colcon.colcon_core.package_identification:_identify(src/examples/rclpy) by extension 'colcon_meta'
[0.192s] Level 1:colcon.colcon_core.package_identification:_identify(src/examples/rclpy) by extensions ['ros']
[0.192s] Level 1:colcon.colcon_core.package_identification:_identify(src/examples/rclpy) by extension 'ros'
[0.192s] Level 1:colcon.colcon_core.package_identification:_identify(src/examples/rclpy) by extensions ['cmake', 'python']
[0.192s] Level 1:colcon.colcon_core.package_identification:_identify(src/examples/rclpy) by extension 'cmake'
[0.192s] Level 1:colcon.colcon_core.package_identification:_identify(src/examples/rclpy) by extension 'python'
[0.192s] Level 1:colcon.colcon_core.package_identification:_identify(src/examples/rclpy) by extensions ['python_setup_py']
[0.192s] Level 1:colcon.colcon_core.package_identification:_identify(src/examples/rclpy) by extension 'python_setup_py'
[0.192s] Level 1:colcon.colcon_core.package_identification:_identify(src/examples/rclpy/actions) by extensions ['ignore', 'ignore_ament_install']
[0.192s] Level 1:colcon.colcon_core.package_identification:_identify(src/examples/rclpy/actions) by extension 'ignore'
[0.193s] Level 1:colcon.colcon_core.package_identification:_identify(src/examples/rclpy/actions) by extension 'ignore_ament_install'
[0.193s] Level 1:colcon.colcon_core.package_identification:_identify(src/examples/rclpy/actions) by extensions ['colcon_pkg']
[0.193s] Level 1:colcon.colcon_core.package_identification:_identify(src/examples/rclpy/actions) by extension 'colcon_pkg'
[0.193s] Level 1:colcon.colcon_core.package_identification:_identify(src/examples/rclpy/actions) by extensions ['colcon_meta']
[0.193s] Level 1:colcon.colcon_core.package_identification:_identify(src/examples/rclpy/actions) by extension 'colcon_meta'
[0.193s] Level 1:colcon.colcon_core.package_identification:_identify(src/examples/rclpy/actions) by extensions ['ros']
[0.193s] Level 1:colcon.colcon_core.package_identification:_identify(src/examples/rclpy/actions) by extension 'ros'
[0.193s] Level 1:colcon.colcon_core.package_identification:_identify(src/examples/rclpy/actions) by extensions ['cmake', 'python']
[0.193s] Level 1:colcon.colcon_core.package_identification:_identify(src/examples/rclpy/actions) by extension 'cmake'
[0.193s] Level 1:colcon.colcon_core.package_identification:_identify(src/examples/rclpy/actions) by extension 'python'
[0.193s] Level 1:colcon.colcon_core.package_identification:_identify(src/examples/rclpy/actions) by extensions ['python_setup_py']
[0.193s] Level 1:colcon.colcon_core.package_identification:_identify(src/examples/rclpy/actions) by extension 'python_setup_py'
[0.193s] Level 1:colcon.colcon_core.package_identification:_identify(src/examples/rclpy/actions/minimal_action_client) by extensions ['ignore', 'ignore_ament_install']
[0.193s] Level 1:colcon.colcon_core.package_identification:_identify(src/examples/rclpy/actions/minimal_action_client) by extension 'ignore'
[0.193s] Level 1:colcon.colcon_core.package_identification:_identify(src/examples/rclpy/actions/minimal_action_client) by extension 'ignore_ament_install'
[0.193s] Level 1:colcon.colcon_core.package_identification:_identify(src/examples/rclpy/actions/minimal_action_client) by extensions ['colcon_pkg']
[0.193s] Level 1:colcon.colcon_core.package_identification:_identify(src/examples/rclpy/actions/minimal_action_client) by extension 'colcon_pkg'
[0.193s] Level 1:colcon.colcon_core.package_identification:_identify(src/examples/rclpy/actions/minimal_action_client) by extensions ['colcon_meta']
[0.193s] Level 1:colcon.colcon_core.package_identification:_identify(src/examples/rclpy/actions/minimal_action_client) by extension 'colcon_meta'
[0.193s] Level 1:colcon.colcon_core.package_identification:_identify(src/examples/rclpy/actions/minimal_action_client) by extensions ['ros']
[0.193s] Level 1:colcon.colcon_core.package_identification:_identify(src/examples/rclpy/actions/minimal_action_client) by extension 'ros'
[0.194s] DEBUG:colcon.colcon_core.package_identification:Package 'src/examples/rclpy/actions/minimal_action_client' with type 'ros.ament_python' and name 'examples_rclpy_minimal_action_client'
[0.194s] Level 1:colcon.colcon_core.package_identification:_identify(src/examples/rclpy/actions/minimal_action_server) by extensions ['ignore', 'ignore_ament_install']
[0.194s] Level 1:colcon.colcon_core.package_identification:_identify(src/examples/rclpy/actions/minimal_action_server) by extension 'ignore'
[0.194s] Level 1:colcon.colcon_core.package_identification:_identify(src/examples/rclpy/actions/minimal_action_server) by extension 'ignore_ament_install'
[0.194s] Level 1:colcon.colcon_core.package_identification:_identify(src/examples/rclpy/actions/minimal_action_server) by extensions ['colcon_pkg']
[0.194s] Level 1:colcon.colcon_core.package_identification:_identify(src/examples/rclpy/actions/minimal_action_server) by extension 'colcon_pkg'
[0.194s] Level 1:colcon.colcon_core.package_identification:_identify(src/examples/rclpy/actions/minimal_action_server) by extensions ['colcon_meta']
[0.194s] Level 1:colcon.colcon_core.package_identification:_identify(src/examples/rclpy/actions/minimal_action_server) by extension 'colcon_meta'
[0.194s] Level 1:colcon.colcon_core.package_identification:_identify(src/examples/rclpy/actions/minimal_action_server) by extensions ['ros']
[0.194s] Level 1:colcon.colcon_core.package_identification:_identify(src/examples/rclpy/actions/minimal_action_server) by extension 'ros'
[0.195s] DEBUG:colcon.colcon_core.package_identification:Package 'src/examples/rclpy/actions/minimal_action_server' with type 'ros.ament_python' and name 'examples_rclpy_minimal_action_server'
[0.195s] Level 1:colcon.colcon_core.package_identification:_identify(src/examples/rclpy/executors) by extensions ['ignore', 'ignore_ament_install']
[0.195s] Level 1:colcon.colcon_core.package_identification:_identify(src/examples/rclpy/executors) by extension 'ignore'
[0.195s] Level 1:colcon.colcon_core.package_identification:_identify(src/examples/rclpy/executors) by extension 'ignore_ament_install'
[0.195s] Level 1:colcon.colcon_core.package_identification:_identify(src/examples/rclpy/executors) by extensions ['colcon_pkg']
[0.195s] Level 1:colcon.colcon_core.package_identification:_identify(src/examples/rclpy/executors) by extension 'colcon_pkg'
[0.195s] Level 1:colcon.colcon_core.package_identification:_identify(src/examples/rclpy/executors) by extensions ['colcon_meta']
[0.195s] Level 1:colcon.colcon_core.package_identification:_identify(src/examples/rclpy/executors) by extension 'colcon_meta'
[0.195s] Level 1:colcon.colcon_core.package_identification:_identify(src/examples/rclpy/executors) by extensions ['ros']
[0.195s] Level 1:colcon.colcon_core.package_identification:_identify(src/examples/rclpy/executors) by extension 'ros'
[0.196s] DEBUG:colcon.colcon_core.package_identification:Package 'src/examples/rclpy/executors' with type 'ros.ament_python' and name 'examples_rclpy_executors'
[0.196s] Level 1:colcon.colcon_core.package_identification:_identify(src/examples/rclpy/guard_conditions) by extensions ['ignore', 'ignore_ament_install']
[0.196s] Level 1:colcon.colcon_core.package_identification:_identify(src/examples/rclpy/guard_conditions) by extension 'ignore'
[0.196s] Level 1:colcon.colcon_core.package_identification:_identify(src/examples/rclpy/guard_conditions) by extension 'ignore_ament_install'
[0.196s] Level 1:colcon.colcon_core.package_identification:_identify(src/examples/rclpy/guard_conditions) by extensions ['colcon_pkg']
[0.196s] Level 1:colcon.colcon_core.package_identification:_identify(src/examples/rclpy/guard_conditions) by extension 'colcon_pkg'
[0.196s] Level 1:colcon.colcon_core.package_identification:_identify(src/examples/rclpy/guard_conditions) by extensions ['colcon_meta']
[0.196s] Level 1:colcon.colcon_core.package_identification:_identify(src/examples/rclpy/guard_conditions) by extension 'colcon_meta'
[0.196s] Level 1:colcon.colcon_core.package_identification:_identify(src/examples/rclpy/guard_conditions) by extensions ['ros']
[0.196s] Level 1:colcon.colcon_core.package_identification:_identify(src/examples/rclpy/guard_conditions) by extension 'ros'
[0.196s] DEBUG:colcon.colcon_core.package_identification:Package 'src/examples/rclpy/guard_conditions' with type 'ros.ament_python' and name 'examples_rclpy_guard_conditions'
[0.196s] Level 1:colcon.colcon_core.package_identification:_identify(src/examples/rclpy/services) by extensions ['ignore', 'ignore_ament_install']
[0.197s] Level 1:colcon.colcon_core.package_identification:_identify(src/examples/rclpy/services) by extension 'ignore'
[0.197s] Level 1:colcon.colcon_core.package_identification:_identify(src/examples/rclpy/services) by extension 'ignore_ament_install'
[0.197s] Level 1:colcon.colcon_core.package_identification:_identify(src/examples/rclpy/services) by extensions ['colcon_pkg']
[0.197s] Level 1:colcon.colcon_core.package_identification:_identify(src/examples/rclpy/services) by extension 'colcon_pkg'
[0.197s] Level 1:colcon.colcon_core.package_identification:_identify(src/examples/rclpy/services) by extensions ['colcon_meta']
[0.197s] Level 1:colcon.colcon_core.package_identification:_identify(src/examples/rclpy/services) by extension 'colcon_meta'
[0.197s] Level 1:colcon.colcon_core.package_identification:_identify(src/examples/rclpy/services) by extensions ['ros']
[0.197s] Level 1:colcon.colcon_core.package_identification:_identify(src/examples/rclpy/services) by extension 'ros'
[0.197s] Level 1:colcon.colcon_core.package_identification:_identify(src/examples/rclpy/services) by extensions ['cmake', 'python']
[0.197s] Level 1:colcon.colcon_core.package_identification:_identify(src/examples/rclpy/services) by extension 'cmake'
[0.197s] Level 1:colcon.colcon_core.package_identification:_identify(src/examples/rclpy/services) by extension 'python'
[0.197s] Level 1:colcon.colcon_core.package_identification:_identify(src/examples/rclpy/services) by extensions ['python_setup_py']
[0.197s] Level 1:colcon.colcon_core.package_identification:_identify(src/examples/rclpy/services) by extension 'python_setup_py'
[0.197s] Level 1:colcon.colcon_core.package_identification:_identify(src/examples/rclpy/services/minimal_client) by extensions ['ignore', 'ignore_ament_install']
[0.197s] Level 1:colcon.colcon_core.package_identification:_identify(src/examples/rclpy/services/minimal_client) by extension 'ignore'
[0.197s] Level 1:colcon.colcon_core.package_identification:_identify(src/examples/rclpy/services/minimal_client) by extension 'ignore_ament_install'
[0.197s] Level 1:colcon.colcon_core.package_identification:_identify(src/examples/rclpy/services/minimal_client) by extensions ['colcon_pkg']
[0.197s] Level 1:colcon.colcon_core.package_identification:_identify(src/examples/rclpy/services/minimal_client) by extension 'colcon_pkg'
[0.197s] Level 1:colcon.colcon_core.package_identification:_identify(src/examples/rclpy/services/minimal_client) by extensions ['colcon_meta']
[0.197s] Level 1:colcon.colcon_core.package_identification:_identify(src/examples/rclpy/services/minimal_client) by extension 'colcon_meta'
[0.197s] Level 1:colcon.colcon_core.package_identification:_identify(src/examples/rclpy/services/minimal_client) by extensions ['ros']
[0.197s] Level 1:colcon.colcon_core.package_identification:_identify(src/examples/rclpy/services/minimal_client) by extension 'ros'
[0.198s] DEBUG:colcon.colcon_core.package_identification:Package 'src/examples/rclpy/services/minimal_client' with type 'ros.ament_python' and name 'examples_rclpy_minimal_client'
[0.198s] Level 1:colcon.colcon_core.package_identification:_identify(src/examples/rclpy/services/minimal_service) by extensions ['ignore', 'ignore_ament_install']
[0.198s] Level 1:colcon.colcon_core.package_identification:_identify(src/examples/rclpy/services/minimal_service) by extension 'ignore'
[0.198s] Level 1:colcon.colcon_core.package_identification:_identify(src/examples/rclpy/services/minimal_service) by extension 'ignore_ament_install'
[0.198s] Level 1:colcon.colcon_core.package_identification:_identify(src/examples/rclpy/services/minimal_service) by extensions ['colcon_pkg']
[0.198s] Level 1:colcon.colcon_core.package_identification:_identify(src/examples/rclpy/services/minimal_service) by extension 'colcon_pkg'
[0.198s] Level 1:colcon.colcon_core.package_identification:_identify(src/examples/rclpy/services/minimal_service) by extensions ['colcon_meta']
[0.198s] Level 1:colcon.colcon_core.package_identification:_identify(src/examples/rclpy/services/minimal_service) by extension 'colcon_meta'
[0.198s] Level 1:colcon.colcon_core.package_identification:_identify(src/examples/rclpy/services/minimal_service) by extensions ['ros']
[0.198s] Level 1:colcon.colcon_core.package_identification:_identify(src/examples/rclpy/services/minimal_service) by extension 'ros'
[0.199s] DEBUG:colcon.colcon_core.package_identification:Package 'src/examples/rclpy/services/minimal_service' with type 'ros.ament_python' and name 'examples_rclpy_minimal_service'
[0.199s] Level 1:colcon.colcon_core.package_identification:_identify(src/examples/rclpy/topics) by extensions ['ignore', 'ignore_ament_install']
[0.199s] Level 1:colcon.colcon_core.package_identification:_identify(src/examples/rclpy/topics) by extension 'ignore'
[0.199s] Level 1:colcon.colcon_core.package_identification:_identify(src/examples/rclpy/topics) by extension 'ignore_ament_install'
[0.199s] Level 1:colcon.colcon_core.package_identification:_identify(src/examples/rclpy/topics) by extensions ['colcon_pkg']
[0.199s] Level 1:colcon.colcon_core.package_identification:_identify(src/examples/rclpy/topics) by extension 'colcon_pkg'
[0.199s] Level 1:colcon.colcon_core.package_identification:_identify(src/examples/rclpy/topics) by extensions ['colcon_meta']
[0.199s] Level 1:colcon.colcon_core.package_identification:_identify(src/examples/rclpy/topics) by extension 'colcon_meta'
[0.199s] Level 1:colcon.colcon_core.package_identification:_identify(src/examples/rclpy/topics) by extensions ['ros']
[0.199s] Level 1:colcon.colcon_core.package_identification:_identify(src/examples/rclpy/topics) by extension 'ros'
[0.199s] Level 1:colcon.colcon_core.package_identification:_identify(src/examples/rclpy/topics) by extensions ['cmake', 'python']
[0.199s] Level 1:colcon.colcon_core.package_identification:_identify(src/examples/rclpy/topics) by extension 'cmake'
[0.199s] Level 1:colcon.colcon_core.package_identification:_identify(src/examples/rclpy/topics) by extension 'python'
[0.199s] Level 1:colcon.colcon_core.package_identification:_identify(src/examples/rclpy/topics) by extensions ['python_setup_py']
[0.199s] Level 1:colcon.colcon_core.package_identification:_identify(src/examples/rclpy/topics) by extension 'python_setup_py'
[0.199s] Level 1:colcon.colcon_core.package_identification:_identify(src/examples/rclpy/topics/minimal_publisher) by extensions ['ignore', 'ignore_ament_install']
[0.200s] Level 1:colcon.colcon_core.package_identification:_identify(src/examples/rclpy/topics/minimal_publisher) by extension 'ignore'
[0.200s] Level 1:colcon.colcon_core.package_identification:_identify(src/examples/rclpy/topics/minimal_publisher) by extension 'ignore_ament_install'
[0.200s] Level 1:colcon.colcon_core.package_identification:_identify(src/examples/rclpy/topics/minimal_publisher) by extensions ['colcon_pkg']
[0.200s] Level 1:colcon.colcon_core.package_identification:_identify(src/examples/rclpy/topics/minimal_publisher) by extension 'colcon_pkg'
[0.200s] Level 1:colcon.colcon_core.package_identification:_identify(src/examples/rclpy/topics/minimal_publisher) by extensions ['colcon_meta']
[0.200s] Level 1:colcon.colcon_core.package_identification:_identify(src/examples/rclpy/topics/minimal_publisher) by extension 'colcon_meta'
[0.200s] Level 1:colcon.colcon_core.package_identification:_identify(src/examples/rclpy/topics/minimal_publisher) by extensions ['ros']
[0.200s] Level 1:colcon.colcon_core.package_identification:_identify(src/examples/rclpy/topics/minimal_publisher) by extension 'ros'
[0.200s] DEBUG:colcon.colcon_core.package_identification:Package 'src/examples/rclpy/topics/minimal_publisher' with type 'ros.ament_python' and name 'examples_rclpy_minimal_publisher'
[0.200s] Level 1:colcon.colcon_core.package_identification:_identify(src/examples/rclpy/topics/minimal_subscriber) by extensions ['ignore', 'ignore_ament_install']
[0.200s] Level 1:colcon.colcon_core.package_identification:_identify(src/examples/rclpy/topics/minimal_subscriber) by extension 'ignore'
[0.200s] Level 1:colcon.colcon_core.package_identification:_identify(src/examples/rclpy/topics/minimal_subscriber) by extension 'ignore_ament_install'
[0.201s] Level 1:colcon.colcon_core.package_identification:_identify(src/examples/rclpy/topics/minimal_subscriber) by extensions ['colcon_pkg']
[0.201s] Level 1:colcon.colcon_core.package_identification:_identify(src/examples/rclpy/topics/minimal_subscriber) by extension 'colcon_pkg'
[0.201s] Level 1:colcon.colcon_core.package_identification:_identify(src/examples/rclpy/topics/minimal_subscriber) by extensions ['colcon_meta']
[0.201s] Level 1:colcon.colcon_core.package_identification:_identify(src/examples/rclpy/topics/minimal_subscriber) by extension 'colcon_meta'
[0.201s] Level 1:colcon.colcon_core.package_identification:_identify(src/examples/rclpy/topics/minimal_subscriber) by extensions ['ros']
[0.201s] Level 1:colcon.colcon_core.package_identification:_identify(src/examples/rclpy/topics/minimal_subscriber) by extension 'ros'
[0.201s] DEBUG:colcon.colcon_core.package_identification:Package 'src/examples/rclpy/topics/minimal_subscriber' with type 'ros.ament_python' and name 'examples_rclpy_minimal_subscriber'
[0.201s] Level 1:colcon.colcon_core.package_identification:_identify(src/examples/rclpy/topics/pointcloud_publisher) by extensions ['ignore', 'ignore_ament_install']
[0.201s] Level 1:colcon.colcon_core.package_identification:_identify(src/examples/rclpy/topics/pointcloud_publisher) by extension 'ignore'
[0.201s] Level 1:colcon.colcon_core.package_identification:_identify(src/examples/rclpy/topics/pointcloud_publisher) by extension 'ignore_ament_install'
[0.201s] Level 1:colcon.colcon_core.package_identification:_identify(src/examples/rclpy/topics/pointcloud_publisher) by extensions ['colcon_pkg']
[0.201s] Level 1:colcon.colcon_core.package_identification:_identify(src/examples/rclpy/topics/pointcloud_publisher) by extension 'colcon_pkg'
[0.201s] Level 1:colcon.colcon_core.package_identification:_identify(src/examples/rclpy/topics/pointcloud_publisher) by extensions ['colcon_meta']
[0.201s] Level 1:colcon.colcon_core.package_identification:_identify(src/examples/rclpy/topics/pointcloud_publisher) by extension 'colcon_meta'
[0.202s] Level 1:colcon.colcon_core.package_identification:_identify(src/examples/rclpy/topics/pointcloud_publisher) by extensions ['ros']
[0.202s] Level 1:colcon.colcon_core.package_identification:_identify(src/examples/rclpy/topics/pointcloud_publisher) by extension 'ros'
[0.202s] DEBUG:colcon.colcon_core.package_identification:Package 'src/examples/rclpy/topics/pointcloud_publisher' with type 'ros.ament_python' and name 'examples_rclpy_pointcloud_publisher'
[0.202s] Level 1:colcon.colcon_core.package_identification:_identify(src/ros2_shared) by extensions ['ignore', 'ignore_ament_install']
[0.202s] Level 1:colcon.colcon_core.package_identification:_identify(src/ros2_shared) by extension 'ignore'
[0.202s] Level 1:colcon.colcon_core.package_identification:_identify(src/ros2_shared) by extension 'ignore_ament_install'
[0.202s] Level 1:colcon.colcon_core.package_identification:_identify(src/ros2_shared) by extensions ['colcon_pkg']
[0.202s] Level 1:colcon.colcon_core.package_identification:_identify(src/ros2_shared) by extension 'colcon_pkg'
[0.202s] Level 1:colcon.colcon_core.package_identification:_identify(src/ros2_shared) by extensions ['colcon_meta']
[0.202s] Level 1:colcon.colcon_core.package_identification:_identify(src/ros2_shared) by extension 'colcon_meta'
[0.202s] Level 1:colcon.colcon_core.package_identification:_identify(src/ros2_shared) by extensions ['ros']
[0.202s] Level 1:colcon.colcon_core.package_identification:_identify(src/ros2_shared) by extension 'ros'
[0.203s] DEBUG:colcon.colcon_core.package_identification:Package 'src/ros2_shared' with type 'ros.ament_cmake' and name 'ros2_shared'
[0.203s] Level 1:colcon.colcon_core.package_identification:_identify(src/tello_ros) by extensions ['ignore', 'ignore_ament_install']
[0.203s] Level 1:colcon.colcon_core.package_identification:_identify(src/tello_ros) by extension 'ignore'
[0.203s] Level 1:colcon.colcon_core.package_identification:_identify(src/tello_ros) by extension 'ignore_ament_install'
[0.203s] Level 1:colcon.colcon_core.package_identification:_identify(src/tello_ros) by extensions ['colcon_pkg']
[0.203s] Level 1:colcon.colcon_core.package_identification:_identify(src/tello_ros) by extension 'colcon_pkg'
[0.203s] Level 1:colcon.colcon_core.package_identification:_identify(src/tello_ros) by extensions ['colcon_meta']
[0.203s] Level 1:colcon.colcon_core.package_identification:_identify(src/tello_ros) by extension 'colcon_meta'
[0.203s] Level 1:colcon.colcon_core.package_identification:_identify(src/tello_ros) by extensions ['ros']
[0.203s] Level 1:colcon.colcon_core.package_identification:_identify(src/tello_ros) by extension 'ros'
[0.203s] Level 1:colcon.colcon_core.package_identification:_identify(src/tello_ros) by extensions ['cmake', 'python']
[0.203s] Level 1:colcon.colcon_core.package_identification:_identify(src/tello_ros) by extension 'cmake'
[0.203s] Level 1:colcon.colcon_core.package_identification:_identify(src/tello_ros) by extension 'python'
[0.203s] Level 1:colcon.colcon_core.package_identification:_identify(src/tello_ros) by extensions ['python_setup_py']
[0.203s] Level 1:colcon.colcon_core.package_identification:_identify(src/tello_ros) by extension 'python_setup_py'
[0.203s] Level 1:colcon.colcon_core.package_identification:_identify(src/tello_ros/tello_description) by extensions ['ignore', 'ignore_ament_install']
[0.204s] Level 1:colcon.colcon_core.package_identification:_identify(src/tello_ros/tello_description) by extension 'ignore'
[0.204s] Level 1:colcon.colcon_core.package_identification:_identify(src/tello_ros/tello_description) by extension 'ignore_ament_install'
[0.204s] Level 1:colcon.colcon_core.package_identification:_identify(src/tello_ros/tello_description) by extensions ['colcon_pkg']
[0.204s] Level 1:colcon.colcon_core.package_identification:_identify(src/tello_ros/tello_description) by extension 'colcon_pkg'
[0.204s] Level 1:colcon.colcon_core.package_identification:_identify(src/tello_ros/tello_description) by extensions ['colcon_meta']
[0.204s] Level 1:colcon.colcon_core.package_identification:_identify(src/tello_ros/tello_description) by extension 'colcon_meta'
[0.204s] Level 1:colcon.colcon_core.package_identification:_identify(src/tello_ros/tello_description) by extensions ['ros']
[0.204s] Level 1:colcon.colcon_core.package_identification:_identify(src/tello_ros/tello_description) by extension 'ros'
[0.204s] DEBUG:colcon.colcon_core.package_identification:Package 'src/tello_ros/tello_description' with type 'ros.ament_cmake' and name 'tello_description'
[0.204s] Level 1:colcon.colcon_core.package_identification:_identify(src/tello_ros/tello_driver) by extensions ['ignore', 'ignore_ament_install']
[0.204s] Level 1:colcon.colcon_core.package_identification:_identify(src/tello_ros/tello_driver) by extension 'ignore'
[0.204s] Level 1:colcon.colcon_core.package_identification:_identify(src/tello_ros/tello_driver) by extension 'ignore_ament_install'
[0.204s] Level 1:colcon.colcon_core.package_identification:_identify(src/tello_ros/tello_driver) by extensions ['colcon_pkg']
[0.204s] Level 1:colcon.colcon_core.package_identification:_identify(src/tello_ros/tello_driver) by extension 'colcon_pkg'
[0.205s] Level 1:colcon.colcon_core.package_identification:_identify(src/tello_ros/tello_driver) by extensions ['colcon_meta']
[0.205s] Level 1:colcon.colcon_core.package_identification:_identify(src/tello_ros/tello_driver) by extension 'colcon_meta'
[0.205s] Level 1:colcon.colcon_core.package_identification:_identify(src/tello_ros/tello_driver) by extensions ['ros']
[0.205s] Level 1:colcon.colcon_core.package_identification:_identify(src/tello_ros/tello_driver) by extension 'ros'
[0.206s] DEBUG:colcon.colcon_core.package_identification:Package 'src/tello_ros/tello_driver' with type 'ros.ament_cmake' and name 'tello_driver'
[0.206s] Level 1:colcon.colcon_core.package_identification:_identify(src/tello_ros/tello_gazebo) by extensions ['ignore', 'ignore_ament_install']
[0.206s] Level 1:colcon.colcon_core.package_identification:_identify(src/tello_ros/tello_gazebo) by extension 'ignore'
[0.206s] Level 1:colcon.colcon_core.package_identification:_identify(src/tello_ros/tello_gazebo) by extension 'ignore_ament_install'
[0.206s] Level 1:colcon.colcon_core.package_identification:_identify(src/tello_ros/tello_gazebo) by extensions ['colcon_pkg']
[0.206s] Level 1:colcon.colcon_core.package_identification:_identify(src/tello_ros/tello_gazebo) by extension 'colcon_pkg'
[0.206s] Level 1:colcon.colcon_core.package_identification:_identify(src/tello_ros/tello_gazebo) by extensions ['colcon_meta']
[0.206s] Level 1:colcon.colcon_core.package_identification:_identify(src/tello_ros/tello_gazebo) by extension 'colcon_meta'
[0.206s] Level 1:colcon.colcon_core.package_identification:_identify(src/tello_ros/tello_gazebo) by extensions ['ros']
[0.206s] Level 1:colcon.colcon_core.package_identification:_identify(src/tello_ros/tello_gazebo) by extension 'ros'
[0.207s] DEBUG:colcon.colcon_core.package_identification:Package 'src/tello_ros/tello_gazebo' with type 'ros.ament_cmake' and name 'tello_gazebo'
[0.207s] Level 1:colcon.colcon_core.package_identification:_identify(src/tello_ros/tello_msgs) by extensions ['ignore', 'ignore_ament_install']
[0.207s] Level 1:colcon.colcon_core.package_identification:_identify(src/tello_ros/tello_msgs) by extension 'ignore'
[0.207s] Level 1:colcon.colcon_core.package_identification:_identify(src/tello_ros/tello_msgs) by extension 'ignore_ament_install'
[0.207s] Level 1:colcon.colcon_core.package_identification:_identify(src/tello_ros/tello_msgs) by extensions ['colcon_pkg']
[0.207s] Level 1:colcon.colcon_core.package_identification:_identify(src/tello_ros/tello_msgs) by extension 'colcon_pkg'
[0.207s] Level 1:colcon.colcon_core.package_identification:_identify(src/tello_ros/tello_msgs) by extensions ['colcon_meta']
[0.207s] Level 1:colcon.colcon_core.package_identification:_identify(src/tello_ros/tello_msgs) by extension 'colcon_meta'
[0.207s] Level 1:colcon.colcon_core.package_identification:_identify(src/tello_ros/tello_msgs) by extensions ['ros']
[0.207s] Level 1:colcon.colcon_core.package_identification:_identify(src/tello_ros/tello_msgs) by extension 'ros'
[0.208s] DEBUG:colcon.colcon_core.package_identification:Package 'src/tello_ros/tello_msgs' with type 'ros.ament_cmake' and name 'tello_msgs'
[0.208s] Level 1:colcon.colcon_core.package_discovery:discover_packages(recursive) using defaults
[0.208s] Level 1:colcon.colcon_core.package_discovery:discover_packages(ignore) discover
[0.208s] Level 1:colcon.colcon_core.package_discovery:discover_packages(ignore) using defaults
[0.208s] Level 1:colcon.colcon_core.package_discovery:discover_packages(path) discover
[0.208s] Level 1:colcon.colcon_core.package_discovery:discover_packages(path) using defaults
[0.226s] INFO:colcon.colcon_core.package_selection:Skipping not selected package 'examples_rclcpp_async_client' in 'src/examples/rclcpp/services/async_client'
[0.226s] INFO:colcon.colcon_core.package_selection:Skipping not selected package 'examples_rclcpp_cbg_executor' in 'src/examples/rclcpp/executors/cbg_executor'
[0.226s] INFO:colcon.colcon_core.package_selection:Skipping not selected package 'examples_rclcpp_minimal_action_client' in 'src/examples/rclcpp/actions/minimal_action_client'
[0.226s] INFO:colcon.colcon_core.package_selection:Skipping not selected package 'examples_rclcpp_minimal_action_server' in 'src/examples/rclcpp/actions/minimal_action_server'
[0.226s] INFO:colcon.colcon_core.package_selection:Skipping not selected package 'examples_rclcpp_minimal_client' in 'src/examples/rclcpp/services/minimal_client'
[0.226s] INFO:colcon.colcon_core.package_selection:Skipping not selected package 'examples_rclcpp_minimal_composition' in 'src/examples/rclcpp/composition/minimal_composition'
[0.226s] INFO:colcon.colcon_core.package_selection:Skipping not selected package 'examples_rclcpp_minimal_publisher' in 'src/examples/rclcpp/topics/minimal_publisher'
[0.226s] INFO:colcon.colcon_core.package_selection:Skipping not selected package 'examples_rclcpp_minimal_service' in 'src/examples/rclcpp/services/minimal_service'
[0.226s] INFO:colcon.colcon_core.package_selection:Skipping not selected package 'examples_rclcpp_minimal_subscriber' in 'src/examples/rclcpp/topics/minimal_subscriber'
[0.226s] INFO:colcon.colcon_core.package_selection:Skipping not selected package 'examples_rclcpp_minimal_timer' in 'src/examples/rclcpp/timers/minimal_timer'
[0.226s] INFO:colcon.colcon_core.package_selection:Skipping not selected package 'examples_rclcpp_multithreaded_executor' in 'src/examples/rclcpp/executors/multithreaded_executor'
[0.226s] INFO:colcon.colcon_core.package_selection:Skipping not selected package 'examples_rclcpp_wait_set' in 'src/examples/rclcpp/wait_set'
[0.226s] INFO:colcon.colcon_core.package_selection:Skipping not selected package 'examples_rclpy_executors' in 'src/examples/rclpy/executors'
[0.226s] INFO:colcon.colcon_core.package_selection:Skipping not selected package 'examples_rclpy_guard_conditions' in 'src/examples/rclpy/guard_conditions'
[0.226s] INFO:colcon.colcon_core.package_selection:Skipping not selected package 'examples_rclpy_minimal_action_client' in 'src/examples/rclpy/actions/minimal_action_client'
[0.226s] INFO:colcon.colcon_core.package_selection:Skipping not selected package 'examples_rclpy_minimal_action_server' in 'src/examples/rclpy/actions/minimal_action_server'
[0.227s] INFO:colcon.colcon_core.package_selection:Skipping not selected package 'examples_rclpy_minimal_client' in 'src/examples/rclpy/services/minimal_client'
[0.227s] INFO:colcon.colcon_core.package_selection:Skipping not selected package 'examples_rclpy_minimal_publisher' in 'src/examples/rclpy/topics/minimal_publisher'
[0.227s] INFO:colcon.colcon_core.package_selection:Skipping not selected package 'examples_rclpy_minimal_service' in 'src/examples/rclpy/services/minimal_service'
[0.227s] INFO:colcon.colcon_core.package_selection:Skipping not selected package 'examples_rclpy_minimal_subscriber' in 'src/examples/rclpy/topics/minimal_subscriber'
[0.227s] INFO:colcon.colcon_core.package_selection:Skipping not selected package 'examples_rclpy_pointcloud_publisher' in 'src/examples/rclpy/topics/pointcloud_publisher'
[0.227s] INFO:colcon.colcon_core.package_selection:Skipping not selected package 'image_transport_tutorials' in 'src/ROS2_ORB-SLAM3_Odometry/image_transport_tutorials'
[0.227s] INFO:colcon.colcon_core.package_selection:Skipping not selected package 'launch_testing_examples' in 'src/examples/launch_testing/launch_testing_examples'
[0.227s] INFO:colcon.colcon_core.package_selection:Skipping not selected package 'orbslam3' in 'src/ROS2_ORB-SLAM3_Odometry/orbslam3_ros2'
[0.227s] INFO:colcon.colcon_core.package_selection:Skipping not selected package 'package_launch' in 'src/ROS2_ORB-SLAM3_Odometry/package_launch'
[0.227s] INFO:colcon.colcon_core.package_selection:Skipping not selected package 'tello_gazebo' in 'src/tello_ros/tello_gazebo'
[0.227s] Level 1:colcon.colcon_core.package_discovery:discover_packages(prefix_path) check parameters
[0.227s] Level 1:colcon.colcon_core.package_discovery:discover_packages(prefix_path) discover
[0.229s] DEBUG:colcon.colcon_installed_package_information.package_discovery:Found 293 installed packages in /opt/ros/jazzy
[0.230s] Level 1:colcon.colcon_core.package_discovery:discover_packages(prefix_path) using defaults
[0.270s] Level 5:colcon.colcon_core.verb:set package 'ros2_shared' build argument 'cmake_args' from command line to 'None'
[0.271s] Level 5:colcon.colcon_core.verb:set package 'ros2_shared' build argument 'cmake_target' from command line to 'None'
[0.271s] Level 5:colcon.colcon_core.verb:set package 'ros2_shared' build argument 'cmake_target_skip_unavailable' from command line to 'False'
[0.271s] Level 5:colcon.colcon_core.verb:set package 'ros2_shared' build argument 'cmake_clean_cache' from command line to 'False'
[0.271s] Level 5:colcon.colcon_core.verb:set package 'ros2_shared' build argument 'cmake_clean_first' from command line to 'False'
[0.271s] Level 5:colcon.colcon_core.verb:set package 'ros2_shared' build argument 'cmake_force_configure' from command line to 'False'
[0.271s] Level 5:colcon.colcon_core.verb:set package 'ros2_shared' build argument 'ament_cmake_args' from command line to 'None'
[0.271s] Level 5:colcon.colcon_core.verb:set package 'ros2_shared' build argument 'catkin_cmake_args' from command line to 'None'
[0.271s] Level 5:colcon.colcon_core.verb:set package 'ros2_shared' build argument 'catkin_skip_building_tests' from command line to 'False'
[0.271s] DEBUG:colcon.colcon_core.verb:Building package 'ros2_shared' with the following arguments: {'ament_cmake_args': None, 'build_base': '/media/nguyen-tuan-minh/DATA/ros2_ws/build/ros2_shared', 'catkin_cmake_args': None, 'catkin_skip_building_tests': False, 'cmake_args': None, 'cmake_clean_cache': False, 'cmake_clean_first': False, 'cmake_force_configure': False, 'cmake_target': None, 'cmake_target_skip_unavailable': False, 'install_base': '/media/nguyen-tuan-minh/DATA/ros2_ws/install/ros2_shared', 'merge_install': False, 'path': '/media/nguyen-tuan-minh/DATA/ros2_ws/src/ros2_shared', 'symlink_install': True, 'test_result_base': None}
[0.271s] Level 5:colcon.colcon_core.verb:set package 'tello_description' build argument 'cmake_args' from command line to 'None'
[0.271s] Level 5:colcon.colcon_core.verb:set package 'tello_description' build argument 'cmake_target' from command line to 'None'
[0.271s] Level 5:colcon.colcon_core.verb:set package 'tello_description' build argument 'cmake_target_skip_unavailable' from command line to 'False'
[0.271s] Level 5:colcon.colcon_core.verb:set package 'tello_description' build argument 'cmake_clean_cache' from command line to 'False'
[0.271s] Level 5:colcon.colcon_core.verb:set package 'tello_description' build argument 'cmake_clean_first' from command line to 'False'
[0.271s] Level 5:colcon.colcon_core.verb:set package 'tello_description' build argument 'cmake_force_configure' from command line to 'False'
[0.271s] Level 5:colcon.colcon_core.verb:set package 'tello_description' build argument 'ament_cmake_args' from command line to 'None'
[0.271s] Level 5:colcon.colcon_core.verb:set package 'tello_description' build argument 'catkin_cmake_args' from command line to 'None'
[0.271s] Level 5:colcon.colcon_core.verb:set package 'tello_description' build argument 'catkin_skip_building_tests' from command line to 'False'
[0.271s] DEBUG:colcon.colcon_core.verb:Building package 'tello_description' with the following arguments: {'ament_cmake_args': None, 'build_base': '/media/nguyen-tuan-minh/DATA/ros2_ws/build/tello_description', 'catkin_cmake_args': None, 'catkin_skip_building_tests': False, 'cmake_args': None, 'cmake_clean_cache': False, 'cmake_clean_first': False, 'cmake_force_configure': False, 'cmake_target': None, 'cmake_target_skip_unavailable': False, 'install_base': '/media/nguyen-tuan-minh/DATA/ros2_ws/install/tello_description', 'merge_install': False, 'path': '/media/nguyen-tuan-minh/DATA/ros2_ws/src/tello_ros/tello_description', 'symlink_install': True, 'test_result_base': None}
[0.271s] Level 5:colcon.colcon_core.verb:set package 'tello_msgs' build argument 'cmake_args' from command line to 'None'
[0.271s] Level 5:colcon.colcon_core.verb:set package 'tello_msgs' build argument 'cmake_target' from command line to 'None'
[0.271s] Level 5:colcon.colcon_core.verb:set package 'tello_msgs' build argument 'cmake_target_skip_unavailable' from command line to 'False'
[0.271s] Level 5:colcon.colcon_core.verb:set package 'tello_msgs' build argument 'cmake_clean_cache' from command line to 'False'
[0.272s] Level 5:colcon.colcon_core.verb:set package 'tello_msgs' build argument 'cmake_clean_first' from command line to 'False'
[0.272s] Level 5:colcon.colcon_core.verb:set package 'tello_msgs' build argument 'cmake_force_configure' from command line to 'False'
[0.272s] Level 5:colcon.colcon_core.verb:set package 'tello_msgs' build argument 'ament_cmake_args' from command line to 'None'
[0.272s] Level 5:colcon.colcon_core.verb:set package 'tello_msgs' build argument 'catkin_cmake_args' from command line to 'None'
[0.272s] Level 5:colcon.colcon_core.verb:set package 'tello_msgs' build argument 'catkin_skip_building_tests' from command line to 'False'
[0.272s] DEBUG:colcon.colcon_core.verb:Building package 'tello_msgs' with the following arguments: {'ament_cmake_args': None, 'build_base': '/media/nguyen-tuan-minh/DATA/ros2_ws/build/tello_msgs', 'catkin_cmake_args': None, 'catkin_skip_building_tests': False, 'cmake_args': None, 'cmake_clean_cache': False, 'cmake_clean_first': False, 'cmake_force_configure': False, 'cmake_target': None, 'cmake_target_skip_unavailable': False, 'install_base': '/media/nguyen-tuan-minh/DATA/ros2_ws/install/tello_msgs', 'merge_install': False, 'path': '/media/nguyen-tuan-minh/DATA/ros2_ws/src/tello_ros/tello_msgs', 'symlink_install': True, 'test_result_base': None}
[0.272s] Level 5:colcon.colcon_core.verb:set package 'tello_driver' build argument 'cmake_args' from command line to 'None'
[0.272s] Level 5:colcon.colcon_core.verb:set package 'tello_driver' build argument 'cmake_target' from command line to 'None'
[0.272s] Level 5:colcon.colcon_core.verb:set package 'tello_driver' build argument 'cmake_target_skip_unavailable' from command line to 'False'
[0.272s] Level 5:colcon.colcon_core.verb:set package 'tello_driver' build argument 'cmake_clean_cache' from command line to 'False'
[0.272s] Level 5:colcon.colcon_core.verb:set package 'tello_driver' build argument 'cmake_clean_first' from command line to 'False'
[0.272s] Level 5:colcon.colcon_core.verb:set package 'tello_driver' build argument 'cmake_force_configure' from command line to 'False'
[0.272s] Level 5:colcon.colcon_core.verb:set package 'tello_driver' build argument 'ament_cmake_args' from command line to 'None'
[0.272s] Level 5:colcon.colcon_core.verb:set package 'tello_driver' build argument 'catkin_cmake_args' from command line to 'None'
[0.272s] Level 5:colcon.colcon_core.verb:set package 'tello_driver' build argument 'catkin_skip_building_tests' from command line to 'False'
[0.272s] DEBUG:colcon.colcon_core.verb:Building package 'tello_driver' with the following arguments: {'ament_cmake_args': None, 'build_base': '/media/nguyen-tuan-minh/DATA/ros2_ws/build/tello_driver', 'catkin_cmake_args': None, 'catkin_skip_building_tests': False, 'cmake_args': None, 'cmake_clean_cache': False, 'cmake_clean_first': False, 'cmake_force_configure': False, 'cmake_target': None, 'cmake_target_skip_unavailable': False, 'install_base': '/media/nguyen-tuan-minh/DATA/ros2_ws/install/tello_driver', 'merge_install': False, 'path': '/media/nguyen-tuan-minh/DATA/ros2_ws/src/tello_ros/tello_driver', 'symlink_install': True, 'test_result_base': None}
[0.272s] INFO:colcon.colcon_core.executor:Executing jobs using 'parallel' executor
[0.273s] DEBUG:colcon.colcon_parallel_executor.executor.parallel:run_until_complete
[0.273s] INFO:colcon.colcon_ros.task.ament_cmake.build:Building ROS package in '/media/nguyen-tuan-minh/DATA/ros2_ws/src/ros2_shared' with build type 'ament_cmake'
[0.273s] INFO:colcon.colcon_cmake.task.cmake.build:Building CMake package in '/media/nguyen-tuan-minh/DATA/ros2_ws/src/ros2_shared'
[0.275s] INFO:colcon.colcon_core.plugin_system:Skipping extension 'colcon_core.shell.bat': Not used on non-Windows systems
[0.275s] INFO:colcon.colcon_core.shell:Skip shell extension 'powershell' for command environment: Not usable outside of PowerShell
[0.275s] DEBUG:colcon.colcon_core.shell:Skip shell extension 'dsv' for command environment
[0.279s] INFO:colcon.colcon_ros.task.ament_cmake.build:Building ROS package in '/media/nguyen-tuan-minh/DATA/ros2_ws/src/tello_ros/tello_msgs' with build type 'ament_cmake'
[0.279s] INFO:colcon.colcon_cmake.task.cmake.build:Building CMake package in '/media/nguyen-tuan-minh/DATA/ros2_ws/src/tello_ros/tello_msgs'
[0.279s] INFO:colcon.colcon_core.shell:Skip shell extension 'powershell' for command environment: Not usable outside of PowerShell
[0.279s] DEBUG:colcon.colcon_core.shell:Skip shell extension 'dsv' for command environment
[0.283s] INFO:colcon.colcon_ros.task.ament_cmake.build:Building ROS package in '/media/nguyen-tuan-minh/DATA/ros2_ws/src/tello_ros/tello_description' with build type 'ament_cmake'
[0.283s] INFO:colcon.colcon_cmake.task.cmake.build:Building CMake package in '/media/nguyen-tuan-minh/DATA/ros2_ws/src/tello_ros/tello_description'
[0.283s] INFO:colcon.colcon_core.shell:Skip shell extension 'powershell' for command environment: Not usable outside of PowerShell
[0.283s] DEBUG:colcon.colcon_core.shell:Skip shell extension 'dsv' for command environment
[0.290s] DEBUG:colcon.colcon_core.event_handler.log_command:Invoking command in '/media/nguyen-tuan-minh/DATA/ros2_ws/build/ros2_shared': CMAKE_PREFIX_PATH=${CMAKE_PREFIX_PATH}:/opt/ros/jazzy DEBUGINFOD_URLS=https://debuginfod.ubuntu.com /usr/bin/cmake /media/nguyen-tuan-minh/DATA/ros2_ws/src/ros2_shared -DAMENT_CMAKE_SYMLINK_INSTALL=1 -DCMAKE_INSTALL_PREFIX=/media/nguyen-tuan-minh/DATA/ros2_ws/install/ros2_shared
[0.294s] DEBUG:colcon.colcon_core.event_handler.log_command:Invoking command in '/media/nguyen-tuan-minh/DATA/ros2_ws/build/tello_msgs': CMAKE_PREFIX_PATH=${CMAKE_PREFIX_PATH}:/opt/ros/jazzy DEBUGINFOD_URLS=https://debuginfod.ubuntu.com /usr/bin/cmake /media/nguyen-tuan-minh/DATA/ros2_ws/src/tello_ros/tello_msgs -DAMENT_CMAKE_SYMLINK_INSTALL=1 -DCMAKE_INSTALL_PREFIX=/media/nguyen-tuan-minh/DATA/ros2_ws/install/tello_msgs
[0.297s] DEBUG:colcon.colcon_core.event_handler.log_command:Invoking command in '/media/nguyen-tuan-minh/DATA/ros2_ws/build/tello_description': CMAKE_PREFIX_PATH=${CMAKE_PREFIX_PATH}:/opt/ros/jazzy DEBUGINFOD_URLS=https://debuginfod.ubuntu.com /usr/bin/cmake /media/nguyen-tuan-minh/DATA/ros2_ws/src/tello_ros/tello_description -DAMENT_CMAKE_SYMLINK_INSTALL=1 -DCMAKE_INSTALL_PREFIX=/media/nguyen-tuan-minh/DATA/ros2_ws/install/tello_description
[1.095s] DEBUG:colcon.colcon_core.event_handler.log_command:Invoked command in '/media/nguyen-tuan-minh/DATA/ros2_ws/build/tello_description' returned '0': CMAKE_PREFIX_PATH=${CMAKE_PREFIX_PATH}:/opt/ros/jazzy DEBUGINFOD_URLS=https://debuginfod.ubuntu.com /usr/bin/cmake /media/nguyen-tuan-minh/DATA/ros2_ws/src/tello_ros/tello_description -DAMENT_CMAKE_SYMLINK_INSTALL=1 -DCMAKE_INSTALL_PREFIX=/media/nguyen-tuan-minh/DATA/ros2_ws/install/tello_description
[1.097s] DEBUG:colcon.colcon_core.event_handler.log_command:Invoking command in '/media/nguyen-tuan-minh/DATA/ros2_ws/build/tello_description': CMAKE_PREFIX_PATH=${CMAKE_PREFIX_PATH}:/opt/ros/jazzy DEBUGINFOD_URLS=https://debuginfod.ubuntu.com /usr/bin/cmake --build /media/nguyen-tuan-minh/DATA/ros2_ws/build/tello_description -- -j12 -l12
[1.234s] DEBUG:colcon.colcon_core.event_handler.log_command:Invoked command in '/media/nguyen-tuan-minh/DATA/ros2_ws/build/tello_description' returned '0': CMAKE_PREFIX_PATH=${CMAKE_PREFIX_PATH}:/opt/ros/jazzy DEBUGINFOD_URLS=https://debuginfod.ubuntu.com /usr/bin/cmake --build /media/nguyen-tuan-minh/DATA/ros2_ws/build/tello_description -- -j12 -l12
[1.244s] DEBUG:colcon.colcon_core.event_handler.log_command:Invoking command in '/media/nguyen-tuan-minh/DATA/ros2_ws/build/tello_description': CMAKE_PREFIX_PATH=${CMAKE_PREFIX_PATH}:/opt/ros/jazzy DEBUGINFOD_URLS=https://debuginfod.ubuntu.com /usr/bin/cmake --install /media/nguyen-tuan-minh/DATA/ros2_ws/build/tello_description
[1.461s] Level 1:colcon.colcon_core.environment:create_environment_scripts_only(tello_description)
[1.461s] DEBUG:colcon.colcon_core.event_handler.log_command:Invoked command in '/media/nguyen-tuan-minh/DATA/ros2_ws/build/tello_description' returned '0': CMAKE_PREFIX_PATH=${CMAKE_PREFIX_PATH}:/opt/ros/jazzy DEBUGINFOD_URLS=https://debuginfod.ubuntu.com /usr/bin/cmake --install /media/nguyen-tuan-minh/DATA/ros2_ws/build/tello_description
[1.464s] Level 1:colcon.colcon_core.environment:checking '/media/nguyen-tuan-minh/DATA/ros2_ws/install/tello_description' for CMake module files
[1.465s] Level 1:colcon.colcon_core.environment:checking '/media/nguyen-tuan-minh/DATA/ros2_ws/install/tello_description' for CMake config files
[1.466s] Level 1:colcon.colcon_core.shell:create_environment_hook('tello_description', 'cmake_prefix_path')
[1.466s] INFO:colcon.colcon_core.shell:Creating environment hook '/media/nguyen-tuan-minh/DATA/ros2_ws/install/tello_description/share/tello_description/hook/cmake_prefix_path.ps1'
[1.466s] INFO:colcon.colcon_core.shell:Creating environment descriptor '/media/nguyen-tuan-minh/DATA/ros2_ws/install/tello_description/share/tello_description/hook/cmake_prefix_path.dsv'
[1.467s] INFO:colcon.colcon_core.shell:Creating environment hook '/media/nguyen-tuan-minh/DATA/ros2_ws/install/tello_description/share/tello_description/hook/cmake_prefix_path.sh'
[1.468s] Level 1:colcon.colcon_core.environment:checking '/media/nguyen-tuan-minh/DATA/ros2_ws/install/tello_description/bin'
[1.468s] Level 1:colcon.colcon_core.environment:checking '/media/nguyen-tuan-minh/DATA/ros2_ws/install/tello_description/lib/pkgconfig/tello_description.pc'
[1.469s] Level 1:colcon.colcon_core.environment:checking '/media/nguyen-tuan-minh/DATA/ros2_ws/install/tello_description/lib/python3.12/site-packages'
[1.470s] Level 1:colcon.colcon_core.environment:checking '/media/nguyen-tuan-minh/DATA/ros2_ws/install/tello_description/bin'
[1.470s] INFO:colcon.colcon_core.shell:Creating package script '/media/nguyen-tuan-minh/DATA/ros2_ws/install/tello_description/share/tello_description/package.ps1'
[1.471s] INFO:colcon.colcon_core.shell:Creating package descriptor '/media/nguyen-tuan-minh/DATA/ros2_ws/install/tello_description/share/tello_description/package.dsv'
[1.472s] INFO:colcon.colcon_core.shell:Creating package script '/media/nguyen-tuan-minh/DATA/ros2_ws/install/tello_description/share/tello_description/package.sh'
[1.473s] INFO:colcon.colcon_core.shell:Creating package script '/media/nguyen-tuan-minh/DATA/ros2_ws/install/tello_description/share/tello_description/package.bash'
[1.473s] INFO:colcon.colcon_core.shell:Creating package script '/media/nguyen-tuan-minh/DATA/ros2_ws/install/tello_description/share/tello_description/package.zsh'
[1.475s] Level 1:colcon.colcon_core.environment:create_file_with_runtime_dependencies(/media/nguyen-tuan-minh/DATA/ros2_ws/install/tello_description/share/colcon-core/packages/tello_description)
[1.475s] Level 1:colcon.colcon_core.environment:create_environment_scripts_only(tello_description)
[1.476s] Level 1:colcon.colcon_core.environment:checking '/media/nguyen-tuan-minh/DATA/ros2_ws/install/tello_description' for CMake module files
[1.477s] Level 1:colcon.colcon_core.environment:checking '/media/nguyen-tuan-minh/DATA/ros2_ws/install/tello_description' for CMake config files
[1.477s] Level 1:colcon.colcon_core.shell:create_environment_hook('tello_description', 'cmake_prefix_path')
[1.477s] INFO:colcon.colcon_core.shell:Creating environment hook '/media/nguyen-tuan-minh/DATA/ros2_ws/install/tello_description/share/tello_description/hook/cmake_prefix_path.ps1'
[1.478s] INFO:colcon.colcon_core.shell:Creating environment descriptor '/media/nguyen-tuan-minh/DATA/ros2_ws/install/tello_description/share/tello_description/hook/cmake_prefix_path.dsv'
[1.478s] INFO:colcon.colcon_core.shell:Creating environment hook '/media/nguyen-tuan-minh/DATA/ros2_ws/install/tello_description/share/tello_description/hook/cmake_prefix_path.sh'
[1.479s] Level 1:colcon.colcon_core.environment:checking '/media/nguyen-tuan-minh/DATA/ros2_ws/install/tello_description/bin'
[1.479s] Level 1:colcon.colcon_core.environment:checking '/media/nguyen-tuan-minh/DATA/ros2_ws/install/tello_description/lib/pkgconfig/tello_description.pc'
[1.479s] Level 1:colcon.colcon_core.environment:checking '/media/nguyen-tuan-minh/DATA/ros2_ws/install/tello_description/lib/python3.12/site-packages'
[1.480s] Level 1:colcon.colcon_core.environment:checking '/media/nguyen-tuan-minh/DATA/ros2_ws/install/tello_description/bin'
[1.480s] INFO:colcon.colcon_core.shell:Creating package script '/media/nguyen-tuan-minh/DATA/ros2_ws/install/tello_description/share/tello_description/package.ps1'
[1.481s] INFO:colcon.colcon_core.shell:Creating package descriptor '/media/nguyen-tuan-minh/DATA/ros2_ws/install/tello_description/share/tello_description/package.dsv'
[1.481s] INFO:colcon.colcon_core.shell:Creating package script '/media/nguyen-tuan-minh/DATA/ros2_ws/install/tello_description/share/tello_description/package.sh'
[1.482s] INFO:colcon.colcon_core.shell:Creating package script '/media/nguyen-tuan-minh/DATA/ros2_ws/install/tello_description/share/tello_description/package.bash'
[1.482s] INFO:colcon.colcon_core.shell:Creating package script '/media/nguyen-tuan-minh/DATA/ros2_ws/install/tello_description/share/tello_description/package.zsh'
[1.483s] Level 1:colcon.colcon_core.environment:create_file_with_runtime_dependencies(/media/nguyen-tuan-minh/DATA/ros2_ws/install/tello_description/share/colcon-core/packages/tello_description)
[1.569s] DEBUG:colcon.colcon_core.event_handler.log_command:Invoked command in '/media/nguyen-tuan-minh/DATA/ros2_ws/build/ros2_shared' returned '0': CMAKE_PREFIX_PATH=${CMAKE_PREFIX_PATH}:/opt/ros/jazzy DEBUGINFOD_URLS=https://debuginfod.ubuntu.com /usr/bin/cmake /media/nguyen-tuan-minh/DATA/ros2_ws/src/ros2_shared -DAMENT_CMAKE_SYMLINK_INSTALL=1 -DCMAKE_INSTALL_PREFIX=/media/nguyen-tuan-minh/DATA/ros2_ws/install/ros2_shared
[1.569s] DEBUG:colcon.colcon_core.event_handler.log_command:Invoking command in '/media/nguyen-tuan-minh/DATA/ros2_ws/build/ros2_shared': CMAKE_PREFIX_PATH=${CMAKE_PREFIX_PATH}:/opt/ros/jazzy DEBUGINFOD_URLS=https://debuginfod.ubuntu.com /usr/bin/cmake --build /media/nguyen-tuan-minh/DATA/ros2_ws/build/ros2_shared -- -j12 -l12
[1.605s] DEBUG:colcon.colcon_core.event_handler.log_command:Invoked command in '/media/nguyen-tuan-minh/DATA/ros2_ws/build/ros2_shared' returned '0': CMAKE_PREFIX_PATH=${CMAKE_PREFIX_PATH}:/opt/ros/jazzy DEBUGINFOD_URLS=https://debuginfod.ubuntu.com /usr/bin/cmake --build /media/nguyen-tuan-minh/DATA/ros2_ws/build/ros2_shared -- -j12 -l12
[1.607s] DEBUG:colcon.colcon_core.event_handler.log_command:Invoking command in '/media/nguyen-tuan-minh/DATA/ros2_ws/build/ros2_shared': CMAKE_PREFIX_PATH=${CMAKE_PREFIX_PATH}:/opt/ros/jazzy DEBUGINFOD_URLS=https://debuginfod.ubuntu.com /usr/bin/cmake --install /media/nguyen-tuan-minh/DATA/ros2_ws/build/ros2_shared
[1.803s] Level 1:colcon.colcon_core.environment:create_environment_scripts_only(ros2_shared)
[1.803s] Level 1:colcon.colcon_core.environment:checking '/media/nguyen-tuan-minh/DATA/ros2_ws/install/ros2_shared' for CMake module files
[1.804s] DEBUG:colcon.colcon_core.event_handler.log_command:Invoked command in '/media/nguyen-tuan-minh/DATA/ros2_ws/build/ros2_shared' returned '0': CMAKE_PREFIX_PATH=${CMAKE_PREFIX_PATH}:/opt/ros/jazzy DEBUGINFOD_URLS=https://debuginfod.ubuntu.com /usr/bin/cmake --install /media/nguyen-tuan-minh/DATA/ros2_ws/build/ros2_shared
[1.804s] Level 1:colcon.colcon_core.environment:checking '/media/nguyen-tuan-minh/DATA/ros2_ws/install/ros2_shared' for CMake config files
[1.804s] Level 1:colcon.colcon_core.shell:create_environment_hook('ros2_shared', 'cmake_prefix_path')
[1.804s] INFO:colcon.colcon_core.shell:Creating environment hook '/media/nguyen-tuan-minh/DATA/ros2_ws/install/ros2_shared/share/ros2_shared/hook/cmake_prefix_path.ps1'
[1.805s] INFO:colcon.colcon_core.shell:Creating environment descriptor '/media/nguyen-tuan-minh/DATA/ros2_ws/install/ros2_shared/share/ros2_shared/hook/cmake_prefix_path.dsv'
[1.805s] INFO:colcon.colcon_core.shell:Creating environment hook '/media/nguyen-tuan-minh/DATA/ros2_ws/install/ros2_shared/share/ros2_shared/hook/cmake_prefix_path.sh'
[1.806s] Level 1:colcon.colcon_core.environment:checking '/media/nguyen-tuan-minh/DATA/ros2_ws/install/ros2_shared/bin'
[1.806s] Level 1:colcon.colcon_core.environment:checking '/media/nguyen-tuan-minh/DATA/ros2_ws/install/ros2_shared/lib/pkgconfig/ros2_shared.pc'
[1.806s] Level 1:colcon.colcon_core.environment:checking '/media/nguyen-tuan-minh/DATA/ros2_ws/install/ros2_shared/lib/python3.12/site-packages'
[1.807s] Level 1:colcon.colcon_core.environment:checking '/media/nguyen-tuan-minh/DATA/ros2_ws/install/ros2_shared/bin'
[1.807s] INFO:colcon.colcon_core.shell:Creating package script '/media/nguyen-tuan-minh/DATA/ros2_ws/install/ros2_shared/share/ros2_shared/package.ps1'
[1.807s] INFO:colcon.colcon_core.shell:Creating package descriptor '/media/nguyen-tuan-minh/DATA/ros2_ws/install/ros2_shared/share/ros2_shared/package.dsv'
[1.808s] INFO:colcon.colcon_core.shell:Creating package script '/media/nguyen-tuan-minh/DATA/ros2_ws/install/ros2_shared/share/ros2_shared/package.sh'
[1.808s] INFO:colcon.colcon_core.shell:Creating package script '/media/nguyen-tuan-minh/DATA/ros2_ws/install/ros2_shared/share/ros2_shared/package.bash'
[1.809s] INFO:colcon.colcon_core.shell:Creating package script '/media/nguyen-tuan-minh/DATA/ros2_ws/install/ros2_shared/share/ros2_shared/package.zsh'
[1.809s] Level 1:colcon.colcon_core.environment:create_file_with_runtime_dependencies(/media/nguyen-tuan-minh/DATA/ros2_ws/install/ros2_shared/share/colcon-core/packages/ros2_shared)
[1.810s] Level 1:colcon.colcon_core.environment:create_environment_scripts_only(ros2_shared)
[1.810s] Level 1:colcon.colcon_core.environment:checking '/media/nguyen-tuan-minh/DATA/ros2_ws/install/ros2_shared' for CMake module files
[1.811s] Level 1:colcon.colcon_core.environment:checking '/media/nguyen-tuan-minh/DATA/ros2_ws/install/ros2_shared' for CMake config files
[1.812s] Level 1:colcon.colcon_core.shell:create_environment_hook('ros2_shared', 'cmake_prefix_path')
[1.812s] INFO:colcon.colcon_core.shell:Creating environment hook '/media/nguyen-tuan-minh/DATA/ros2_ws/install/ros2_shared/share/ros2_shared/hook/cmake_prefix_path.ps1'
[1.812s] INFO:colcon.colcon_core.shell:Creating environment descriptor '/media/nguyen-tuan-minh/DATA/ros2_ws/install/ros2_shared/share/ros2_shared/hook/cmake_prefix_path.dsv'
[1.812s] INFO:colcon.colcon_core.shell:Creating environment hook '/media/nguyen-tuan-minh/DATA/ros2_ws/install/ros2_shared/share/ros2_shared/hook/cmake_prefix_path.sh'
[1.813s] Level 1:colcon.colcon_core.environment:checking '/media/nguyen-tuan-minh/DATA/ros2_ws/install/ros2_shared/bin'
[1.813s] Level 1:colcon.colcon_core.environment:checking '/media/nguyen-tuan-minh/DATA/ros2_ws/install/ros2_shared/lib/pkgconfig/ros2_shared.pc'
[1.813s] Level 1:colcon.colcon_core.environment:checking '/media/nguyen-tuan-minh/DATA/ros2_ws/install/ros2_shared/lib/python3.12/site-packages'
[1.813s] Level 1:colcon.colcon_core.environment:checking '/media/nguyen-tuan-minh/DATA/ros2_ws/install/ros2_shared/bin'
[1.814s] INFO:colcon.colcon_core.shell:Creating package script '/media/nguyen-tuan-minh/DATA/ros2_ws/install/ros2_shared/share/ros2_shared/package.ps1'
[1.814s] INFO:colcon.colcon_core.shell:Creating package descriptor '/media/nguyen-tuan-minh/DATA/ros2_ws/install/ros2_shared/share/ros2_shared/package.dsv'
[1.814s] INFO:colcon.colcon_core.shell:Creating package script '/media/nguyen-tuan-minh/DATA/ros2_ws/install/ros2_shared/share/ros2_shared/package.sh'
[1.815s] INFO:colcon.colcon_core.shell:Creating package script '/media/nguyen-tuan-minh/DATA/ros2_ws/install/ros2_shared/share/ros2_shared/package.bash'
[1.815s] INFO:colcon.colcon_core.shell:Creating package script '/media/nguyen-tuan-minh/DATA/ros2_ws/install/ros2_shared/share/ros2_shared/package.zsh'
[1.815s] Level 1:colcon.colcon_core.environment:create_file_with_runtime_dependencies(/media/nguyen-tuan-minh/DATA/ros2_ws/install/ros2_shared/share/colcon-core/packages/ros2_shared)
[4.432s] DEBUG:colcon.colcon_core.event_handler.log_command:Invoked command in '/media/nguyen-tuan-minh/DATA/ros2_ws/build/tello_msgs' returned '0': CMAKE_PREFIX_PATH=${CMAKE_PREFIX_PATH}:/opt/ros/jazzy DEBUGINFOD_URLS=https://debuginfod.ubuntu.com /usr/bin/cmake /media/nguyen-tuan-minh/DATA/ros2_ws/src/tello_ros/tello_msgs -DAMENT_CMAKE_SYMLINK_INSTALL=1 -DCMAKE_INSTALL_PREFIX=/media/nguyen-tuan-minh/DATA/ros2_ws/install/tello_msgs
[4.432s] DEBUG:colcon.colcon_core.event_handler.log_command:Invoking command in '/media/nguyen-tuan-minh/DATA/ros2_ws/build/tello_msgs': CMAKE_PREFIX_PATH=${CMAKE_PREFIX_PATH}:/opt/ros/jazzy DEBUGINFOD_URLS=https://debuginfod.ubuntu.com /usr/bin/cmake --build /media/nguyen-tuan-minh/DATA/ros2_ws/build/tello_msgs -- -j12 -l12
[10.184s] DEBUG:colcon.colcon_core.event_handler.log_command:Invoked command in '/media/nguyen-tuan-minh/DATA/ros2_ws/build/tello_msgs' returned '0': CMAKE_PREFIX_PATH=${CMAKE_PREFIX_PATH}:/opt/ros/jazzy DEBUGINFOD_URLS=https://debuginfod.ubuntu.com /usr/bin/cmake --build /media/nguyen-tuan-minh/DATA/ros2_ws/build/tello_msgs -- -j12 -l12
[10.185s] DEBUG:colcon.colcon_core.event_handler.log_command:Invoking command in '/media/nguyen-tuan-minh/DATA/ros2_ws/build/tello_msgs': CMAKE_PREFIX_PATH=${CMAKE_PREFIX_PATH}:/opt/ros/jazzy DEBUGINFOD_URLS=https://debuginfod.ubuntu.com /usr/bin/cmake --install /media/nguyen-tuan-minh/DATA/ros2_ws/build/tello_msgs
[11.192s] Level 1:colcon.colcon_core.environment:create_environment_scripts_only(tello_msgs)
[11.193s] Level 1:colcon.colcon_core.environment:checking '/media/nguyen-tuan-minh/DATA/ros2_ws/install/tello_msgs' for CMake module files
[11.193s] DEBUG:colcon.colcon_core.event_handler.log_command:Invoked command in '/media/nguyen-tuan-minh/DATA/ros2_ws/build/tello_msgs' returned '0': CMAKE_PREFIX_PATH=${CMAKE_PREFIX_PATH}:/opt/ros/jazzy DEBUGINFOD_URLS=https://debuginfod.ubuntu.com /usr/bin/cmake --install /media/nguyen-tuan-minh/DATA/ros2_ws/build/tello_msgs
[11.194s] Level 1:colcon.colcon_core.environment:checking '/media/nguyen-tuan-minh/DATA/ros2_ws/install/tello_msgs' for CMake config files
[11.195s] Level 1:colcon.colcon_core.shell:create_environment_hook('tello_msgs', 'cmake_prefix_path')
[11.195s] INFO:colcon.colcon_core.shell:Creating environment hook '/media/nguyen-tuan-minh/DATA/ros2_ws/install/tello_msgs/share/tello_msgs/hook/cmake_prefix_path.ps1'
[11.195s] INFO:colcon.colcon_core.shell:Creating environment descriptor '/media/nguyen-tuan-minh/DATA/ros2_ws/install/tello_msgs/share/tello_msgs/hook/cmake_prefix_path.dsv'
[11.196s] INFO:colcon.colcon_core.shell:Creating environment hook '/media/nguyen-tuan-minh/DATA/ros2_ws/install/tello_msgs/share/tello_msgs/hook/cmake_prefix_path.sh'
[11.197s] Level 1:colcon.colcon_core.environment:checking '/media/nguyen-tuan-minh/DATA/ros2_ws/install/tello_msgs/lib'
[11.197s] Level 1:colcon.colcon_core.shell:create_environment_hook('tello_msgs', 'ld_library_path_lib')
[11.198s] INFO:colcon.colcon_core.shell:Creating environment hook '/media/nguyen-tuan-minh/DATA/ros2_ws/install/tello_msgs/share/tello_msgs/hook/ld_library_path_lib.ps1'
[11.198s] INFO:colcon.colcon_core.shell:Creating environment descriptor '/media/nguyen-tuan-minh/DATA/ros2_ws/install/tello_msgs/share/tello_msgs/hook/ld_library_path_lib.dsv'
[11.199s] INFO:colcon.colcon_core.shell:Creating environment hook '/media/nguyen-tuan-minh/DATA/ros2_ws/install/tello_msgs/share/tello_msgs/hook/ld_library_path_lib.sh'
[11.199s] Level 1:colcon.colcon_core.environment:checking '/media/nguyen-tuan-minh/DATA/ros2_ws/install/tello_msgs/bin'
[11.199s] Level 1:colcon.colcon_core.environment:checking '/media/nguyen-tuan-minh/DATA/ros2_ws/install/tello_msgs/lib/pkgconfig/tello_msgs.pc'
[11.199s] Level 1:colcon.colcon_core.environment:checking '/media/nguyen-tuan-minh/DATA/ros2_ws/install/tello_msgs/lib/python3.12/site-packages'
[11.200s] Level 1:colcon.colcon_core.shell:create_environment_hook('tello_msgs', 'pythonpath')
[11.200s] INFO:colcon.colcon_core.shell:Creating environment hook '/media/nguyen-tuan-minh/DATA/ros2_ws/install/tello_msgs/share/tello_msgs/hook/pythonpath.ps1'
[11.200s] INFO:colcon.colcon_core.shell:Creating environment descriptor '/media/nguyen-tuan-minh/DATA/ros2_ws/install/tello_msgs/share/tello_msgs/hook/pythonpath.dsv'
[11.201s] INFO:colcon.colcon_core.shell:Creating environment hook '/media/nguyen-tuan-minh/DATA/ros2_ws/install/tello_msgs/share/tello_msgs/hook/pythonpath.sh'
[11.201s] Level 1:colcon.colcon_core.environment:checking '/media/nguyen-tuan-minh/DATA/ros2_ws/install/tello_msgs/bin'
[11.202s] INFO:colcon.colcon_core.shell:Creating package script '/media/nguyen-tuan-minh/DATA/ros2_ws/install/tello_msgs/share/tello_msgs/package.ps1'
[11.203s] INFO:colcon.colcon_core.shell:Creating package descriptor '/media/nguyen-tuan-minh/DATA/ros2_ws/install/tello_msgs/share/tello_msgs/package.dsv'
[11.203s] INFO:colcon.colcon_core.shell:Creating package script '/media/nguyen-tuan-minh/DATA/ros2_ws/install/tello_msgs/share/tello_msgs/package.sh'
[11.203s] INFO:colcon.colcon_core.shell:Creating package script '/media/nguyen-tuan-minh/DATA/ros2_ws/install/tello_msgs/share/tello_msgs/package.bash'
[11.204s] INFO:colcon.colcon_core.shell:Creating package script '/media/nguyen-tuan-minh/DATA/ros2_ws/install/tello_msgs/share/tello_msgs/package.zsh'
[11.204s] Level 1:colcon.colcon_core.environment:create_file_with_runtime_dependencies(/media/nguyen-tuan-minh/DATA/ros2_ws/install/tello_msgs/share/colcon-core/packages/tello_msgs)
[11.205s] Level 1:colcon.colcon_core.environment:create_environment_scripts_only(tello_msgs)
[11.205s] Level 1:colcon.colcon_core.environment:checking '/media/nguyen-tuan-minh/DATA/ros2_ws/install/tello_msgs' for CMake module files
[11.206s] Level 1:colcon.colcon_core.environment:checking '/media/nguyen-tuan-minh/DATA/ros2_ws/install/tello_msgs' for CMake config files
[11.207s] Level 1:colcon.colcon_core.shell:create_environment_hook('tello_msgs', 'cmake_prefix_path')
[11.207s] INFO:colcon.colcon_core.shell:Creating environment hook '/media/nguyen-tuan-minh/DATA/ros2_ws/install/tello_msgs/share/tello_msgs/hook/cmake_prefix_path.ps1'
[11.207s] INFO:colcon.colcon_core.shell:Creating environment descriptor '/media/nguyen-tuan-minh/DATA/ros2_ws/install/tello_msgs/share/tello_msgs/hook/cmake_prefix_path.dsv'
[11.208s] INFO:colcon.colcon_core.shell:Creating environment hook '/media/nguyen-tuan-minh/DATA/ros2_ws/install/tello_msgs/share/tello_msgs/hook/cmake_prefix_path.sh'
[11.208s] Level 1:colcon.colcon_core.environment:checking '/media/nguyen-tuan-minh/DATA/ros2_ws/install/tello_msgs/lib'
[11.208s] Level 1:colcon.colcon_core.shell:create_environment_hook('tello_msgs', 'ld_library_path_lib')
[11.208s] INFO:colcon.colcon_core.shell:Creating environment hook '/media/nguyen-tuan-minh/DATA/ros2_ws/install/tello_msgs/share/tello_msgs/hook/ld_library_path_lib.ps1'
[11.209s] INFO:colcon.colcon_core.shell:Creating environment descriptor '/media/nguyen-tuan-minh/DATA/ros2_ws/install/tello_msgs/share/tello_msgs/hook/ld_library_path_lib.dsv'
[11.209s] INFO:colcon.colcon_core.shell:Creating environment hook '/media/nguyen-tuan-minh/DATA/ros2_ws/install/tello_msgs/share/tello_msgs/hook/ld_library_path_lib.sh'
[11.209s] Level 1:colcon.colcon_core.environment:checking '/media/nguyen-tuan-minh/DATA/ros2_ws/install/tello_msgs/bin'
[11.209s] Level 1:colcon.colcon_core.environment:checking '/media/nguyen-tuan-minh/DATA/ros2_ws/install/tello_msgs/lib/pkgconfig/tello_msgs.pc'
[11.209s] Level 1:colcon.colcon_core.environment:checking '/media/nguyen-tuan-minh/DATA/ros2_ws/install/tello_msgs/lib/python3.12/site-packages'
[11.209s] Level 1:colcon.colcon_core.shell:create_environment_hook('tello_msgs', 'pythonpath')
[11.210s] INFO:colcon.colcon_core.shell:Creating environment hook '/media/nguyen-tuan-minh/DATA/ros2_ws/install/tello_msgs/share/tello_msgs/hook/pythonpath.ps1'
[11.210s] INFO:colcon.colcon_core.shell:Creating environment descriptor '/media/nguyen-tuan-minh/DATA/ros2_ws/install/tello_msgs/share/tello_msgs/hook/pythonpath.dsv'
[11.210s] INFO:colcon.colcon_core.shell:Creating environment hook '/media/nguyen-tuan-minh/DATA/ros2_ws/install/tello_msgs/share/tello_msgs/hook/pythonpath.sh'
[11.211s] Level 1:colcon.colcon_core.environment:checking '/media/nguyen-tuan-minh/DATA/ros2_ws/install/tello_msgs/bin'
[11.211s] INFO:colcon.colcon_core.shell:Creating package script '/media/nguyen-tuan-minh/DATA/ros2_ws/install/tello_msgs/share/tello_msgs/package.ps1'
[11.212s] INFO:colcon.colcon_core.shell:Creating package descriptor '/media/nguyen-tuan-minh/DATA/ros2_ws/install/tello_msgs/share/tello_msgs/package.dsv'
[11.212s] INFO:colcon.colcon_core.shell:Creating package script '/media/nguyen-tuan-minh/DATA/ros2_ws/install/tello_msgs/share/tello_msgs/package.sh'
[11.213s] INFO:colcon.colcon_core.shell:Creating package script '/media/nguyen-tuan-minh/DATA/ros2_ws/install/tello_msgs/share/tello_msgs/package.bash'
[11.213s] INFO:colcon.colcon_core.shell:Creating package script '/media/nguyen-tuan-minh/DATA/ros2_ws/install/tello_msgs/share/tello_msgs/package.zsh'
[11.214s] Level 1:colcon.colcon_core.environment:create_file_with_runtime_dependencies(/media/nguyen-tuan-minh/DATA/ros2_ws/install/tello_msgs/share/colcon-core/packages/tello_msgs)
[11.214s] INFO:colcon.colcon_ros.task.ament_cmake.build:Building ROS package in '/media/nguyen-tuan-minh/DATA/ros2_ws/src/tello_ros/tello_driver' with build type 'ament_cmake'
[11.214s] INFO:colcon.colcon_cmake.task.cmake.build:Building CMake package in '/media/nguyen-tuan-minh/DATA/ros2_ws/src/tello_ros/tello_driver'
[11.214s] INFO:colcon.colcon_core.shell:Skip shell extension 'powershell' for command environment: Not usable outside of PowerShell
[11.214s] DEBUG:colcon.colcon_core.shell:Skip shell extension 'dsv' for command environment
[11.224s] DEBUG:colcon.colcon_core.event_handler.log_command:Invoking command in '/media/nguyen-tuan-minh/DATA/ros2_ws/build/tello_driver': AMENT_PREFIX_PATH=/media/nguyen-tuan-minh/DATA/ros2_ws/install/tello_msgs:/media/nguyen-tuan-minh/DATA/ros2_ws/install/ros2_shared:${AMENT_PREFIX_PATH} CMAKE_PREFIX_PATH=/media/nguyen-tuan-minh/DATA/ros2_ws/install/tello_msgs:/media/nguyen-tuan-minh/DATA/ros2_ws/install/ros2_shared:/opt/ros/jazzy/opt/gz_math_vendor:/opt/ros/jazzy/opt/gz_utils_vendor:/opt/ros/jazzy/opt/gz_cmake_vendor:/opt/ros/jazzy DEBUGINFOD_URLS=https://debuginfod.ubuntu.com LD_LIBRARY_PATH=/media/nguyen-tuan-minh/DATA/ros2_ws/install/tello_msgs/lib:${LD_LIBRARY_PATH} PYTHONPATH=/media/nguyen-tuan-minh/DATA/ros2_ws/install/tello_msgs/lib/python3.12/site-packages:${PYTHONPATH} /usr/bin/cmake /media/nguyen-tuan-minh/DATA/ros2_ws/src/tello_ros/tello_driver -DAMENT_CMAKE_SYMLINK_INSTALL=1 -DCMAKE_INSTALL_PREFIX=/media/nguyen-tuan-minh/DATA/ros2_ws/install/tello_driver
[12.670s] DEBUG:colcon.colcon_core.event_handler.log_command:Invoked command in '/media/nguyen-tuan-minh/DATA/ros2_ws/build/tello_driver' returned '0': AMENT_PREFIX_PATH=/media/nguyen-tuan-minh/DATA/ros2_ws/install/tello_msgs:/media/nguyen-tuan-minh/DATA/ros2_ws/install/ros2_shared:${AMENT_PREFIX_PATH} CMAKE_PREFIX_PATH=/media/nguyen-tuan-minh/DATA/ros2_ws/install/tello_msgs:/media/nguyen-tuan-minh/DATA/ros2_ws/install/ros2_shared:/opt/ros/jazzy/opt/gz_math_vendor:/opt/ros/jazzy/opt/gz_utils_vendor:/opt/ros/jazzy/opt/gz_cmake_vendor:/opt/ros/jazzy DEBUGINFOD_URLS=https://debuginfod.ubuntu.com LD_LIBRARY_PATH=/media/nguyen-tuan-minh/DATA/ros2_ws/install/tello_msgs/lib:${LD_LIBRARY_PATH} PYTHONPATH=/media/nguyen-tuan-minh/DATA/ros2_ws/install/tello_msgs/lib/python3.12/site-packages:${PYTHONPATH} /usr/bin/cmake /media/nguyen-tuan-minh/DATA/ros2_ws/src/tello_ros/tello_driver -DAMENT_CMAKE_SYMLINK_INSTALL=1 -DCMAKE_INSTALL_PREFIX=/media/nguyen-tuan-minh/DATA/ros2_ws/install/tello_driver
[12.670s] DEBUG:colcon.colcon_core.event_handler.log_command:Invoking command in '/media/nguyen-tuan-minh/DATA/ros2_ws/build/tello_driver': AMENT_PREFIX_PATH=/media/nguyen-tuan-minh/DATA/ros2_ws/install/tello_msgs:/media/nguyen-tuan-minh/DATA/ros2_ws/install/ros2_shared:${AMENT_PREFIX_PATH} CMAKE_PREFIX_PATH=/media/nguyen-tuan-minh/DATA/ros2_ws/install/tello_msgs:/media/nguyen-tuan-minh/DATA/ros2_ws/install/ros2_shared:/opt/ros/jazzy/opt/gz_math_vendor:/opt/ros/jazzy/opt/gz_utils_vendor:/opt/ros/jazzy/opt/gz_cmake_vendor:/opt/ros/jazzy DEBUGINFOD_URLS=https://debuginfod.ubuntu.com LD_LIBRARY_PATH=/media/nguyen-tuan-minh/DATA/ros2_ws/install/tello_msgs/lib:${LD_LIBRARY_PATH} PYTHONPATH=/media/nguyen-tuan-minh/DATA/ros2_ws/install/tello_msgs/lib/python3.12/site-packages:${PYTHONPATH} /usr/bin/cmake --build /media/nguyen-tuan-minh/DATA/ros2_ws/build/tello_driver -- -j12 -l12
[38.996s] DEBUG:colcon.colcon_core.event_handler.log_command:Invoked command in '/media/nguyen-tuan-minh/DATA/ros2_ws/build/tello_driver' returned '0': AMENT_PREFIX_PATH=/media/nguyen-tuan-minh/DATA/ros2_ws/install/tello_msgs:/media/nguyen-tuan-minh/DATA/ros2_ws/install/ros2_shared:${AMENT_PREFIX_PATH} CMAKE_PREFIX_PATH=/media/nguyen-tuan-minh/DATA/ros2_ws/install/tello_msgs:/media/nguyen-tuan-minh/DATA/ros2_ws/install/ros2_shared:/opt/ros/jazzy/opt/gz_math_vendor:/opt/ros/jazzy/opt/gz_utils_vendor:/opt/ros/jazzy/opt/gz_cmake_vendor:/opt/ros/jazzy DEBUGINFOD_URLS=https://debuginfod.ubuntu.com LD_LIBRARY_PATH=/media/nguyen-tuan-minh/DATA/ros2_ws/install/tello_msgs/lib:${LD_LIBRARY_PATH} PYTHONPATH=/media/nguyen-tuan-minh/DATA/ros2_ws/install/tello_msgs/lib/python3.12/site-packages:${PYTHONPATH} /usr/bin/cmake --build /media/nguyen-tuan-minh/DATA/ros2_ws/build/tello_driver -- -j12 -l12
[38.996s] DEBUG:colcon.colcon_core.event_handler.log_command:Invoking command in '/media/nguyen-tuan-minh/DATA/ros2_ws/build/tello_driver': AMENT_PREFIX_PATH=/media/nguyen-tuan-minh/DATA/ros2_ws/install/tello_msgs:/media/nguyen-tuan-minh/DATA/ros2_ws/install/ros2_shared:${AMENT_PREFIX_PATH} CMAKE_PREFIX_PATH=/media/nguyen-tuan-minh/DATA/ros2_ws/install/tello_msgs:/media/nguyen-tuan-minh/DATA/ros2_ws/install/ros2_shared:/opt/ros/jazzy/opt/gz_math_vendor:/opt/ros/jazzy/opt/gz_utils_vendor:/opt/ros/jazzy/opt/gz_cmake_vendor:/opt/ros/jazzy DEBUGINFOD_URLS=https://debuginfod.ubuntu.com LD_LIBRARY_PATH=/media/nguyen-tuan-minh/DATA/ros2_ws/install/tello_msgs/lib:${LD_LIBRARY_PATH} PYTHONPATH=/media/nguyen-tuan-minh/DATA/ros2_ws/install/tello_msgs/lib/python3.12/site-packages:${PYTHONPATH} /usr/bin/cmake --install /media/nguyen-tuan-minh/DATA/ros2_ws/build/tello_driver
[39.225s] Level 1:colcon.colcon_core.environment:create_environment_scripts_only(tello_driver)
[39.225s] Level 1:colcon.colcon_core.environment:checking '/media/nguyen-tuan-minh/DATA/ros2_ws/install/tello_driver' for CMake module files
[39.226s] DEBUG:colcon.colcon_core.event_handler.log_command:Invoked command in '/media/nguyen-tuan-minh/DATA/ros2_ws/build/tello_driver' returned '0': AMENT_PREFIX_PATH=/media/nguyen-tuan-minh/DATA/ros2_ws/install/tello_msgs:/media/nguyen-tuan-minh/DATA/ros2_ws/install/ros2_shared:${AMENT_PREFIX_PATH} CMAKE_PREFIX_PATH=/media/nguyen-tuan-minh/DATA/ros2_ws/install/tello_msgs:/media/nguyen-tuan-minh/DATA/ros2_ws/install/ros2_shared:/opt/ros/jazzy/opt/gz_math_vendor:/opt/ros/jazzy/opt/gz_utils_vendor:/opt/ros/jazzy/opt/gz_cmake_vendor:/opt/ros/jazzy DEBUGINFOD_URLS=https://debuginfod.ubuntu.com LD_LIBRARY_PATH=/media/nguyen-tuan-minh/DATA/ros2_ws/install/tello_msgs/lib:${LD_LIBRARY_PATH} PYTHONPATH=/media/nguyen-tuan-minh/DATA/ros2_ws/install/tello_msgs/lib/python3.12/site-packages:${PYTHONPATH} /usr/bin/cmake --install /media/nguyen-tuan-minh/DATA/ros2_ws/build/tello_driver
[39.226s] Level 1:colcon.colcon_core.environment:checking '/media/nguyen-tuan-minh/DATA/ros2_ws/install/tello_driver' for CMake config files
[39.227s] Level 1:colcon.colcon_core.shell:create_environment_hook('tello_driver', 'cmake_prefix_path')
[39.227s] INFO:colcon.colcon_core.shell:Creating environment hook '/media/nguyen-tuan-minh/DATA/ros2_ws/install/tello_driver/share/tello_driver/hook/cmake_prefix_path.ps1'
[39.228s] INFO:colcon.colcon_core.shell:Creating environment descriptor '/media/nguyen-tuan-minh/DATA/ros2_ws/install/tello_driver/share/tello_driver/hook/cmake_prefix_path.dsv'
[39.228s] INFO:colcon.colcon_core.shell:Creating environment hook '/media/nguyen-tuan-minh/DATA/ros2_ws/install/tello_driver/share/tello_driver/hook/cmake_prefix_path.sh'
[39.229s] Level 1:colcon.colcon_core.environment:checking '/media/nguyen-tuan-minh/DATA/ros2_ws/install/tello_driver/lib'
[39.229s] Level 1:colcon.colcon_core.shell:create_environment_hook('tello_driver', 'ld_library_path_lib')
[39.229s] INFO:colcon.colcon_core.shell:Creating environment hook '/media/nguyen-tuan-minh/DATA/ros2_ws/install/tello_driver/share/tello_driver/hook/ld_library_path_lib.ps1'
[39.230s] INFO:colcon.colcon_core.shell:Creating environment descriptor '/media/nguyen-tuan-minh/DATA/ros2_ws/install/tello_driver/share/tello_driver/hook/ld_library_path_lib.dsv'
[39.230s] INFO:colcon.colcon_core.shell:Creating environment hook '/media/nguyen-tuan-minh/DATA/ros2_ws/install/tello_driver/share/tello_driver/hook/ld_library_path_lib.sh'
[39.231s] Level 1:colcon.colcon_core.environment:checking '/media/nguyen-tuan-minh/DATA/ros2_ws/install/tello_driver/bin'
[39.231s] Level 1:colcon.colcon_core.environment:checking '/media/nguyen-tuan-minh/DATA/ros2_ws/install/tello_driver/lib/pkgconfig/tello_driver.pc'
[39.231s] Level 1:colcon.colcon_core.environment:checking '/media/nguyen-tuan-minh/DATA/ros2_ws/install/tello_driver/lib/python3.12/site-packages'
[39.231s] Level 1:colcon.colcon_core.environment:checking '/media/nguyen-tuan-minh/DATA/ros2_ws/install/tello_driver/bin'
[39.232s] INFO:colcon.colcon_core.shell:Creating package script '/media/nguyen-tuan-minh/DATA/ros2_ws/install/tello_driver/share/tello_driver/package.ps1'
[39.232s] INFO:colcon.colcon_core.shell:Creating package descriptor '/media/nguyen-tuan-minh/DATA/ros2_ws/install/tello_driver/share/tello_driver/package.dsv'
[39.232s] INFO:colcon.colcon_core.shell:Creating package script '/media/nguyen-tuan-minh/DATA/ros2_ws/install/tello_driver/share/tello_driver/package.sh'
[39.233s] INFO:colcon.colcon_core.shell:Creating package script '/media/nguyen-tuan-minh/DATA/ros2_ws/install/tello_driver/share/tello_driver/package.bash'
[39.233s] INFO:colcon.colcon_core.shell:Creating package script '/media/nguyen-tuan-minh/DATA/ros2_ws/install/tello_driver/share/tello_driver/package.zsh'
[39.233s] Level 1:colcon.colcon_core.environment:create_file_with_runtime_dependencies(/media/nguyen-tuan-minh/DATA/ros2_ws/install/tello_driver/share/colcon-core/packages/tello_driver)
[39.234s] Level 1:colcon.colcon_core.environment:create_environment_scripts_only(tello_driver)
[39.234s] Level 1:colcon.colcon_core.environment:checking '/media/nguyen-tuan-minh/DATA/ros2_ws/install/tello_driver' for CMake module files
[39.235s] Level 1:colcon.colcon_core.environment:checking '/media/nguyen-tuan-minh/DATA/ros2_ws/install/tello_driver' for CMake config files
[39.235s] Level 1:colcon.colcon_core.shell:create_environment_hook('tello_driver', 'cmake_prefix_path')
[39.235s] INFO:colcon.colcon_core.shell:Creating environment hook '/media/nguyen-tuan-minh/DATA/ros2_ws/install/tello_driver/share/tello_driver/hook/cmake_prefix_path.ps1'
[39.235s] INFO:colcon.colcon_core.shell:Creating environment descriptor '/media/nguyen-tuan-minh/DATA/ros2_ws/install/tello_driver/share/tello_driver/hook/cmake_prefix_path.dsv'
[39.236s] INFO:colcon.colcon_core.shell:Creating environment hook '/media/nguyen-tuan-minh/DATA/ros2_ws/install/tello_driver/share/tello_driver/hook/cmake_prefix_path.sh'
[39.236s] Level 1:colcon.colcon_core.environment:checking '/media/nguyen-tuan-minh/DATA/ros2_ws/install/tello_driver/lib'
[39.236s] Level 1:colcon.colcon_core.shell:create_environment_hook('tello_driver', 'ld_library_path_lib')
[39.236s] INFO:colcon.colcon_core.shell:Creating environment hook '/media/nguyen-tuan-minh/DATA/ros2_ws/install/tello_driver/share/tello_driver/hook/ld_library_path_lib.ps1'
[39.236s] INFO:colcon.colcon_core.shell:Creating environment descriptor '/media/nguyen-tuan-minh/DATA/ros2_ws/install/tello_driver/share/tello_driver/hook/ld_library_path_lib.dsv'
[39.237s] INFO:colcon.colcon_core.shell:Creating environment hook '/media/nguyen-tuan-minh/DATA/ros2_ws/install/tello_driver/share/tello_driver/hook/ld_library_path_lib.sh'
[39.237s] Level 1:colcon.colcon_core.environment:checking '/media/nguyen-tuan-minh/DATA/ros2_ws/install/tello_driver/bin'
[39.237s] Level 1:colcon.colcon_core.environment:checking '/media/nguyen-tuan-minh/DATA/ros2_ws/install/tello_driver/lib/pkgconfig/tello_driver.pc'
[39.237s] Level 1:colcon.colcon_core.environment:checking '/media/nguyen-tuan-minh/DATA/ros2_ws/install/tello_driver/lib/python3.12/site-packages'
[39.237s] Level 1:colcon.colcon_core.environment:checking '/media/nguyen-tuan-minh/DATA/ros2_ws/install/tello_driver/bin'
[39.238s] INFO:colcon.colcon_core.shell:Creating package script '/media/nguyen-tuan-minh/DATA/ros2_ws/install/tello_driver/share/tello_driver/package.ps1'
[39.238s] INFO:colcon.colcon_core.shell:Creating package descriptor '/media/nguyen-tuan-minh/DATA/ros2_ws/install/tello_driver/share/tello_driver/package.dsv'
[39.238s] INFO:colcon.colcon_core.shell:Creating package script '/media/nguyen-tuan-minh/DATA/ros2_ws/install/tello_driver/share/tello_driver/package.sh'
[39.239s] INFO:colcon.colcon_core.shell:Creating package script '/media/nguyen-tuan-minh/DATA/ros2_ws/install/tello_driver/share/tello_driver/package.bash'
[39.239s] INFO:colcon.colcon_core.shell:Creating package script '/media/nguyen-tuan-minh/DATA/ros2_ws/install/tello_driver/share/tello_driver/package.zsh'
[39.239s] Level 1:colcon.colcon_core.environment:create_file_with_runtime_dependencies(/media/nguyen-tuan-minh/DATA/ros2_ws/install/tello_driver/share/colcon-core/packages/tello_driver)
[39.240s] DEBUG:colcon.colcon_parallel_executor.executor.parallel:closing loop
[39.240s] DEBUG:colcon.colcon_parallel_executor.executor.parallel:loop closed
[39.240s] DEBUG:colcon.colcon_parallel_executor.executor.parallel:run_until_complete finished with '0'
[39.240s] DEBUG:colcon.colcon_core.event_reactor:joining thread
[39.245s] INFO:colcon.colcon_core.plugin_system:Skipping extension 'colcon_notification.desktop_notification.terminal_notifier': Not used on non-Darwin systems
[39.245s] INFO:colcon.colcon_core.plugin_system:Skipping extension 'colcon_notification.desktop_notification.win32': Not used on non-Windows systems
[39.245s] INFO:colcon.colcon_notification.desktop_notification:Sending desktop notification using 'notify2'
[39.257s] DEBUG:colcon.colcon_core.event_reactor:joined thread
[39.257s] INFO:colcon.colcon_core.shell:Creating prefix script '/media/nguyen-tuan-minh/DATA/ros2_ws/install/local_setup.ps1'
[39.258s] INFO:colcon.colcon_core.shell:Creating prefix util module '/media/nguyen-tuan-minh/DATA/ros2_ws/install/_local_setup_util_ps1.py'
[39.259s] INFO:colcon.colcon_core.shell:Creating prefix chain script '/media/nguyen-tuan-minh/DATA/ros2_ws/install/setup.ps1'
[39.260s] INFO:colcon.colcon_core.shell:Creating prefix script '/media/nguyen-tuan-minh/DATA/ros2_ws/install/local_setup.sh'
[39.260s] INFO:colcon.colcon_core.shell:Creating prefix util module '/media/nguyen-tuan-minh/DATA/ros2_ws/install/_local_setup_util_sh.py'
[39.261s] INFO:colcon.colcon_core.shell:Creating prefix chain script '/media/nguyen-tuan-minh/DATA/ros2_ws/install/setup.sh'
[39.261s] INFO:colcon.colcon_core.shell:Creating prefix script '/media/nguyen-tuan-minh/DATA/ros2_ws/install/local_setup.bash'
[39.262s] INFO:colcon.colcon_core.shell:Creating prefix chain script '/media/nguyen-tuan-minh/DATA/ros2_ws/install/setup.bash'
[39.263s] INFO:colcon.colcon_core.shell:Creating prefix script '/media/nguyen-tuan-minh/DATA/ros2_ws/install/local_setup.zsh'
[39.263s] INFO:colcon.colcon_core.shell:Creating prefix chain script '/media/nguyen-tuan-minh/DATA/ros2_ws/install/setup.zsh'
